,Query,Word
0,Q1,problem
1,Q1,concern
2,Q1,make
3,Q1,descript
4,Q1,titl
5,Q1,difficulti
6,Q1,involv
7,Q1,automat
8,Q1,retriev
9,Q1,articl
10,Q1,approxim
11,Q1,titl
12,Q1,usual
13,Q1,relev
14,Q1,content
15,Q1,articl
16,Q1,titl
17,Q2,actual
18,Q2,pertin
19,Q2,data
20,Q2,oppos
21,Q2,refer
22,Q2,entir
23,Q2,articl
24,Q2,retriev
25,Q2,automat
26,Q2,respons
27,Q2,inform
28,Q2,request
29,Q3,inform
30,Q3,scienc
31,Q3,give
32,Q3,definit
33,Q3,possibl
34,Q4,imag
35,Q4,recognit
36,Q4,method
37,Q4,automat
38,Q4,transform
39,Q4,print
40,Q4,text
41,Q4,computer-readi
42,Q4,form
43,Q5,special
44,Q5,train
45,Q5,ordinari
46,Q5,research
47,Q5,businessmen
48,Q5,need
49,Q5,proper
50,Q5,inform
51,Q5,manag
52,Q5,unobstruct
53,Q5,use
54,Q5,inform
55,Q5,retriev
56,Q5,system
57,Q5,problem
58,Q5,like
59,Q5,encount
60,Q6,possibl
61,Q6,verbal
62,Q6,commun
63,Q6,comput
64,Q6,human
65,Q6,commun
66,Q6,via
67,Q6,spoken
68,Q6,word
69,Q7,describ
70,Q7,present
71,Q7,work
72,Q7,plan
73,Q7,system
74,Q7,publish
75,Q7,print
76,Q7,origin
77,Q7,paper
78,Q7,comput
79,Q7,save
80,Q7,byproduct
81,Q7,articl
82,Q7,code
83,Q7,data-process
84,Q7,form
85,Q7,use
86,Q7,retriev
87,Q8,describ
88,Q8,inform
89,Q8,retriev
90,Q8,index
91,Q8,languag
92,Q8,bear
93,Q8,scienc
94,Q8,gener
95,Q9,possibl
96,Q9,automat
97,Q9,grammat
98,Q9,contextu
99,Q9,analysi
100,Q9,articl
101,Q9,inclus
102,Q9,inform
103,Q9,retriev
104,Q9,system
105,Q10,use
106,Q10,abstract
107,Q10,mathemat
108,Q10,inform
109,Q10,retriev
110,Q10,e.g.
111,Q10,group
112,Q10,theori
113,Q11,need
114,Q11,inform
115,Q11,consolid
116,Q11,evalu
117,Q11,retriev
118,Q11,scientif
119,Q11,research
120,Q12,give
121,Q12,method
122,Q12,high
123,Q12,speed
124,Q12,public
125,Q12,print
126,Q12,distribut
127,Q12,scientif
128,Q12,journal
129,Q13,criteria
130,Q13,develop
131,Q13,object
132,Q13,evalu
133,Q13,inform
134,Q13,retriev
135,Q13,dissemin
136,Q13,system
137,Q14,futur
138,Q14,automat
139,Q14,medic
140,Q14,diagnosi
141,Q15,much
142,Q15,inform
143,Q15,retriev
144,Q15,dissemin
145,Q15,system
146,Q15,well
147,Q15,autom
148,Q15,librari
149,Q15,cost
150,Q15,worth
151,Q15,research
152,Q15,industri
153,Q16,system
154,Q16,incorpor
155,Q16,multiprogram
156,Q16,remot
157,Q16,station
158,Q16,inform
159,Q16,retriev
160,Q16,extent
161,Q16,use
162,Q16,futur
163,Q17,mean
164,Q17,obtain
165,Q17,larg
166,Q17,volum
167,Q17,high
168,Q17,speed
169,Q17,custom
170,Q17,usabl
171,Q17,inform
172,Q17,retriev
173,Q17,output
174,Q18,method
175,Q18,encod
176,Q18,automat
177,Q18,match
178,Q18,automat
179,Q18,draw
180,Q18,structur
181,Q18,extend
182,Q18,two
183,Q18,dimens
184,Q18,like
185,Q18,structur
186,Q18,formula
187,Q18,chemic
188,Q18,compound
189,Q19,techniqu
190,Q19,machin
191,Q19,match
192,Q19,machin
193,Q19,search
194,Q19,system
195,Q19,code
196,Q19,match
197,Q19,method
198,Q20,test
199,Q20,autom
200,Q20,inform
201,Q20,system
202,Q21,need
203,Q21,provid
204,Q21,personnel
205,Q21,inform
206,Q21,field
207,Q22,autom
208,Q22,inform
209,Q22,medic
210,Q22,field
211,Q23,amount
212,Q23,use
213,Q23,book
214,Q23,librari
215,Q23,relat
216,Q23,need
217,Q23,autom
218,Q23,inform
219,Q23,system
220,Q24,educ
221,Q24,train
222,Q24,requir
223,Q24,personnel
224,Q24,inform
225,Q24,field
226,Q24,possibl
227,Q24,train
228,Q24,need
229,Q24,program
230,Q24,provid
231,Q24,train
232,Q25,intern
233,Q25,system
234,Q25,exchang
235,Q25,dissemin
236,Q25,inform
237,Q26,cost
238,Q26,determin
239,Q26,cost
240,Q26,associ
241,Q26,system
242,Q26,autom
243,Q26,inform
244,Q27,computer
245,Q27,inform
246,Q27,retriev
247,Q27,system
248,Q27,computer
249,Q27,index
250,Q27,system
251,Q28,computer
252,Q28,inform
253,Q28,system
254,Q28,field
255,Q28,relat
256,Q28,chemistri
257,Q29,specif
258,Q29,advantag
259,Q29,computer
260,Q29,index
261,Q29,system
262,Q30,inform
263,Q30,dissemin
264,Q30,journal
265,Q30,period
266,Q31,inform
267,Q31,system
268,Q31,physic
269,Q31,scienc
270,Q32,attempt
271,Q32,computer
272,Q32,mechan
273,Q32,system
274,Q32,gener
275,Q32,librari
276,Q32,problem
277,Q32,method
278,Q32,autom
279,Q32,gener
280,Q32,author
281,Q32,titl
282,Q32,index
283,Q32,system
284,Q33,retriev
285,Q33,system
286,Q33,provid
287,Q33,autom
288,Q33,transmiss
289,Q33,inform
290,Q33,user
291,Q33,distanc
292,Q34,method
293,Q34,code
294,Q34,use
295,Q34,computer
296,Q34,index
297,Q34,system
298,Q35,govern
299,Q35,support
300,Q35,agenc
301,Q35,project
302,Q35,deal
303,Q35,inform
304,Q35,dissemin
305,Q36,theori
306,Q36,practic
307,Q36,comput
308,Q36,translat
309,Q36,text
310,Q36,one
311,Q36,nation
312,Q36,languag
313,Q36,anoth
314,Q36,machin
315,Q36,translat
316,Q36,compet
317,Q36,tradit
318,Q36,method
319,Q36,translat
320,Q36,comprehend
321,Q36,nuanc
322,Q36,mean
323,Q36,languag
324,Q36,differ
325,Q36,structur
326,Q37,list
327,Q37,word
328,Q37,use
329,Q37,index
330,Q37,classifi
331,Q37,materi
332,Q37,avail
333,Q37,want
334,Q37,list
335,Q37,term
336,Q37,descript
337,Q37,vocabulari
338,Q37,particular
339,Q37,field
340,Q37,schedul
341,Q37,word
342,Q37,relat
343,Q37,meaning
344,Q37,scheme
345,Q37,want
346,Q37,list
347,Q37,test
348,Q37,least
349,Q37,extent
350,Q37,found
351,Q37,use
352,Q37,organ
353,Q37,materi
354,Q37,retriev
355,Q38,access
356,Q38,word
357,Q38,inform
358,Q38,retriev
359,Q38,system
360,Q38,kept
361,Q38,date
362,Q38,word
363,Q38,mean
364,Q38,usag
365,Q38,often
366,Q38,chang
367,Q38,list
368,Q38,must
369,Q38,dynam
370,Q38,current
371,Q38,definit
372,Q38,problem
373,Q38,progress
374,Q38,toward
375,Q38,solut
376,Q38,made
377,Q38,provid
378,Q38,necessari
379,Q38,flexibl
380,Q38,system
381,Q38,subject
382,Q38,head
383,Q38,index
384,Q38,word
385,Q38,symbol
386,Q38,use
387,Q38,get
388,Q38,store
389,Q38,data
390,Q39,progress
391,Q39,inform
392,Q39,retriev
393,Q39,present
394,Q39,problem
395,Q39,maladjust
396,Q39,disloc
397,Q39,personnel
398,Q39,train
399,Q39,retrain
400,Q39,peopl
401,Q39,use
402,Q39,new
403,Q39,equip
404,Q39,import
405,Q39,level
406,Q39,librarian
407,Q39,assist
408,Q39,technician
409,Q39,student
410,Q39,research
411,Q39,even
412,Q39,execut
413,Q39,need
414,Q39,educ
415,Q39,learn
416,Q39,purpos
417,Q39,valu
418,Q39,use
419,Q39,inform
420,Q39,system
421,Q39,hardwar
422,Q39,program
423,Q39,develop
424,Q39,chang
425,Q39,attitud
426,Q39,skill
427,Q39,tradit
428,Q39,worker
429,Q39,help
430,Q39,learn
431,Q39,newer
432,Q39,techniqu
433,Q40,statu
434,Q40,machin
435,Q40,translat
436,Q40,progress
437,Q40,made
438,Q40,use
439,Q40,comput
440,Q40,transfer
441,Q40,one
442,Q40,languag
443,Q40,anoth
444,Q40,degre
445,Q40,autom
446,Q40,problem
447,Q40,stumbl
448,Q40,block
449,Q40,found
450,Q40,consid
451,Q40,insurmount
452,Q40,limit
453,Q40,challeng
454,Q40,field
455,Q40,document
456,Q40,intern
457,Q40,scale
458,Q41,alphabet
459,Q41,order
460,Q41,materi
461,Q41,consid
462,Q41,use
463,Q41,tool
464,Q41,inform
465,Q41,retriev
466,Q41,studi
467,Q41,done
468,Q41,compar
469,Q41,effect
470,Q41,alphabet
471,Q41,order
472,Q41,organ
473,Q41,scheme
474,Q41,gener
475,Q41,accept
476,Q41,form
477,Q41,arrang
478,Q41,materi
479,Q41,alphabet
480,Q41,order
481,Q41,easi
482,Q41,way
483,Q41,achiev
484,Q41,form
485,Q41,without
486,Q41,go
487,Q41,great
488,Q41,amount
489,Q41,effort
490,Q42,averag
491,Q42,student
492,Q42,research
493,Q42,difficulti
494,Q42,comprehend
495,Q42,vocabulari
496,Q42,inform
497,Q42,retriev
498,Q42,appear
499,Q42,import
500,Q42,new
501,Q42,field
502,Q42,understood
503,Q42,fulli
504,Q42,accept
505,Q42,basic
506,Q42,articl
507,Q42,would
508,Q42,provid
509,Q42,understand
510,Q42,variou
511,Q42,import
512,Q42,aspect
513,Q42,inform
514,Q42,storag
515,Q42,retriev
516,Q43,difficulti
517,Q43,encount
518,Q43,inform
519,Q43,retriev
520,Q43,system
521,Q43,often
522,Q43,less
523,Q43,relat
524,Q43,equip
525,Q43,use
526,Q43,failur
527,Q43,plan
528,Q43,adequ
529,Q43,document
530,Q43,analysi
531,Q43,index
532,Q43,machin
533,Q43,code
534,Q43,posit
535,Q43,programm
536,Q43,take
537,Q43,problem
538,Q43,write
539,Q43,way
540,Q43,equip
541,Q43,understand
542,Q43,articl
543,Q43,written
544,Q43,describ
545,Q43,research
546,Q43,maxim
547,Q43,effect
548,Q43,program
549,Q44,present
550,Q44,fifti
551,Q44,one
552,Q44,hundr
553,Q44,technic
554,Q44,journal
555,Q44,publish
556,Q44,averag
557,Q44,two
558,Q44,new
559,Q44,journal
560,Q44,appear
561,Q44,everi
562,Q44,day
563,Q44,mani
564,Q44,journal
565,Q44,publish
566,Q44,one
567,Q44,two
568,Q44,million
569,Q44,articl
570,Q44,appear
571,Q44,everi
572,Q44,year
573,Q44,attempt
574,Q44,made
575,Q44,cope
576,Q44,amount
577,Q44,scientif
578,Q44,technic
579,Q44,public
580,Q44,term
581,Q44,analysi
582,Q44,control
583,Q44,storag
584,Q44,retriev
585,Q45,look
586,Q45,inform
587,Q45,impact
588,Q45,autom
589,Q45,librari
590,Q45,signific
591,Q45,librari
592,Q45,gener
593,Q45,includ
594,Q45,increas
595,Q45,import
596,Q45,autom
597,Q45,view
598,Q45,prolifer
599,Q45,inform
600,Q45,today
601,Q45,autom
602,Q45,help
603,Q45,librari
604,Q45,cope
605,Q45,problem
606,Q45,autom
607,Q45,affect
608,Q45,librari
609,Q45,react
610,Q45,idea
611,Q45,autom
612,Q46,seek
613,Q46,inform
614,Q46,use
615,Q46,data
616,Q46,process
617,Q46,librari
618,Q46,mechan
619,Q46,routin
620,Q46,librari
621,Q46,process
622,Q46,procedur
623,Q46,would
624,Q46,like
625,Q46,descript
626,Q46,gener
627,Q46,specif
628,Q46,applic
629,Q46,autom
630,Q46,area
631,Q46,circul
632,Q46,catalog
633,Q46,acquisit
634,Q46,serial
635,Q46,record
636,Q46,record-keep
637,Q46,exampl
638,Q46,base
639,Q46,oper
640,Q46,convent
641,Q46,public
642,Q46,univers
643,Q46,librari
644,Q46,practic
645,Q46,special
646,Q46,librari
647,Q46,could
648,Q46,also
649,Q46,appli
650,Q46,public
651,Q46,univers
652,Q46,librari
653,Q46,give
654,Q46,descript
655,Q46,equip
656,Q46,oper
657,Q46,present
658,Q46,project
659,Q47,establish
660,Q47,mean
661,Q47,present
662,Q47,intern
663,Q47,exchang
664,Q47,materi
665,Q47,inform
666,Q47,retriev
667,Q47,take
668,Q47,form
669,Q47,intern
670,Q47,agenc
671,Q47,center
672,Q47,regularli
673,Q47,distribut
674,Q47,inform
675,Q47,retriev
676,Q47,method
677,Q47,research
678,Q47,result
679,Q47,way
680,Q47,materi
681,Q47,cross
682,Q47,nation
683,Q47,boundari
684,Q47,seem
685,Q47,problem
686,Q47,block
687,Q47,better
688,Q47,intern
689,Q47,exchang
690,Q47,effort
691,Q47,made
692,Q47,solv
693,Q47,problem
694,Q48,inform
695,Q48,retriev
696,Q48,still
697,Q48,new
698,Q48,experiment
699,Q48,field
700,Q48,line
701,Q48,distinguish
702,Q48,research
703,Q48,practic
704,Q48,often
705,Q48,difficult
706,Q48,even
707,Q48,imposs
708,Q48,draw
709,Q48,howev
710,Q48,actual
711,Q48,center
712,Q48,research
713,Q48,inform
714,Q48,retriev
715,Q48,countri
716,Q48,locat
717,Q48,support
718,Q48,govern
719,Q48,busi
720,Q48,univers
721,Q48,librari
722,Q48,inform
723,Q48,retriev
724,Q48,special
725,Q48,research
726,Q48,disciplin
727,Q48,said
728,Q48,emerg
729,Q48,still
730,Q48,amalgam
731,Q48,skill
732,Q48,field
733,Q48,mathemat
734,Q48,engin
735,Q48,librari
736,Q48,scienc
737,Q48,word
738,Q48,tell
739,Q48,inform
740,Q48,retriev
741,Q48,research
742,Q49,resourc
743,Q49,spent
744,Q49,appli
745,Q49,inform
746,Q49,retriev
747,Q49,techniqu
748,Q49,physic
749,Q49,medic
750,Q49,scienc
751,Q49,inform
752,Q49,retriev
753,Q49,use
754,Q49,natur
755,Q49,scienc
756,Q49,social
757,Q49,scienc
758,Q49,human
759,Q49,problem
760,Q49,encount
761,Q49,subject
762,Q49,area
763,Q49,solv
764,Q49,characterist
765,Q49,subject
766,Q49,area
767,Q49,necessit
768,Q49,develop
769,Q49,new
770,Q49,inform
771,Q49,retriev
772,Q49,techniqu
773,Q49,prospct
774,Q49,futur
775,Q49,machin
776,Q49,control
777,Q49,area
778,Q50,use
779,Q50,tradit
780,Q50,classif
781,Q50,scheme
782,Q50,ddc
783,Q50,udc
784,Q50,lc
785,Q50,etc
786,Q50,inform
787,Q50,retriev
788,Q50,system
789,Q50,scheme
790,Q50,appear
791,Q50,suit
792,Q50,machin
793,Q50,use
794,Q50,appli
795,Q50,classif
796,Q50,scheme
797,Q50,irrelev
798,Q50,research
799,Q50,shown
800,Q50,subject
801,Q50,classif
802,Q50,knowledg
803,Q50,complet
804,Q50,unnecessari
805,Q50,machin
806,Q50,system
807,Q50,new
808,Q50,scheme
809,Q50,devis
810,Q50,appear
811,Q50,suit
812,Q50,machin
813,Q50,use
814,Q51,coordin
815,Q51,index
816,Q51,util
817,Q51,descriptor
818,Q51,control
819,Q51,languag
820,Q51,use
821,Q51,descriptor
822,Q51,construct
823,Q51,index
824,Q51,descriptor
825,Q51,use
826,Q51,search
827,Q51,inform
828,Q51,retriev
829,Q51,system
830,Q52,characterist
831,Q52,medlar
832,Q52,medic
833,Q52,literatur
834,Q52,analysi
835,Q52,retriev
836,Q52,system
837,Q52,project
838,Q52,undertaken
839,Q52,nation
840,Q52,librari
841,Q52,medicin
842,Q52,index
843,Q52,current
844,Q52,medic
845,Q52,journal
846,Q52,relat
847,Q52,index
848,Q52,system
849,Q52,index
850,Q52,medicu
851,Q52,major
852,Q52,compon
853,Q52,medlar
854,Q52,project
855,Q52,major
856,Q52,oper
857,Q52,detail
858,Q53,comput
859,Q53,use
860,Q53,medic
861,Q53,scienc
862,Q53,diagnost
863,Q53,clinic
864,Q53,record
865,Q53,keep
866,Q53,purpos
867,Q53,program
868,Q53,autom
869,Q53,tri
870,Q53,hospit
871,Q53,result
872,Q53,problem
873,Q53,encount
874,Q53,use
875,Q53,autom
876,Q53,medicin
877,Q53,purpos
878,Q53,autom
879,Q53,system
880,Q53,clinic
881,Q53,record
882,Q53,use
883,Q53,possibl
884,Q53,use
885,Q53,comput
886,Q53,medicin
887,Q54,effect
888,Q54,librarian
889,Q54,autom
890,Q54,note
891,Q54,new
892,Q54,type
893,Q54,technolog
894,Q54,use
895,Q54,librari
896,Q54,effect
897,Q54,statu
898,Q54,posit
899,Q54,function
900,Q54,librarian
901,Q54,chang
902,Q54,contempl
903,Q54,initi
904,Q54,introduc
905,Q54,autom
906,Q54,educ
907,Q54,librarian
908,Q55,aim
909,Q55,object
910,Q55,medic
911,Q55,literatur
912,Q55,analysi
913,Q55,retriev
914,Q55,system
915,Q55,medlar
916,Q55,medlar
917,Q55,oper
918,Q55,possibl
919,Q55,applic
920,Q55,medlar
921,Q55,futur
922,Q55,inform
923,Q55,retriev
924,Q55,system
925,Q56,standard
926,Q56,method
927,Q56,find
928,Q56,inform
929,Q56,today
930,Q56,librari
931,Q56,use
932,Q56,alphabet
933,Q56,arrang
934,Q56,card
935,Q56,catalog
936,Q56,classifi
937,Q56,catalog
938,Q56,base
939,Q56,classif
940,Q56,system
941,Q56,dc
942,Q56,lc
943,Q56,system
944,Q56,modifi
945,Q56,use
946,Q56,autom
947,Q56,inform
948,Q56,retriev
949,Q57,catalog
950,Q57,either
951,Q57,arrang
952,Q57,alphabet
953,Q57,arrang
954,Q57,classif
955,Q57,number
956,Q57,lc
957,Q57,entri
958,Q57,print
959,Q57,readabl
960,Q57,languag
961,Q57,ultim
962,Q57,import
963,Q57,individu
964,Q57,look
965,Q57,inform
966,Q57,definit
967,Q57,author
968,Q57,titl
969,Q57,subject
970,Q57,phrase
971,Q57,languag
972,Q57,probabl
973,Q57,english
974,Q57,case
975,Q57,mind
976,Q57,lc
977,Q57,entri
978,Q57,subject
979,Q57,head
980,Q57,use
981,Q57,manner
982,Q57,autom
983,Q57,system
984,Q58,direct
985,Q58,librari
986,Q58,network
987,Q58,bibliograph
988,Q58,control
989,Q58,marc
990,Q58,review
991,Q58,capabl
992,Q58,key
993,Q58,onlin
994,Q58,system
995,Q58,brought
996,Q58,interdepend
997,Q58,among
998,Q58,librari
999,Q58,servic
1000,Q58,center
1001,Q58,mediat
1002,Q58,larg
1003,Q58,util
1004,Q58,process
1005,Q58,distribut
1006,Q58,data
1007,Q58,develop
1008,Q58,basic
1009,Q58,network
1010,Q58,structur
1011,Q58,among
1012,Q58,librari
1013,Q58,unit
1014,Q58,state
1015,Q58,independ
1016,Q58,develop
1017,Q58,major
1018,Q58,network
1019,Q58,brought
1020,Q58,problem
1021,Q58,standard
1022,Q58,coordin
1023,Q58,author
1024,Q58,point
1025,Q58,technolog
1026,Q58,led
1027,Q58,toward
1028,Q58,central
1029,Q58,autom
1030,Q58,librari
1031,Q58,servic
1032,Q58,new
1033,Q58,develop
1034,Q58,push
1035,Q58,toward
1036,Q58,decentr
1037,Q58,coordin
1038,Q58,requir
1039,Q58,avoid
1040,Q58,fragment
1041,Q58,new
1042,Q58,environ
1043,Q59,perform
1044,Q59,test
1045,Q59,book
1046,Q59,index
1047,Q59,inform
1048,Q59,retriev
1049,Q59,system
1050,Q59,retriev
1051,Q59,perform
1052,Q59,book
1053,Q59,index
1054,Q59,measur
1055,Q59,term
1056,Q59,abil
1057,Q59,direct
1058,Q59,user
1059,Q59,select
1060,Q59,text
1061,Q59,materi
1062,Q59,whose
1063,Q59,ident
1064,Q59,locat
1065,Q59,known
1066,Q59,method
1067,Q59,requir
1068,Q59,human
1069,Q59,searcher
1070,Q59,base
1071,Q59,search
1072,Q59,strategi
1073,Q59,actual
1074,Q59,passag
1075,Q59,book
1076,Q59,rather
1077,Q59,test
1078,Q59,queri
1079,Q59,natur
1080,Q59,contriv
1081,Q59,circumv
1082,Q59,need
1083,Q59,relev
1084,Q59,judgement
1085,Q59,still
1086,Q59,yield
1087,Q59,perform
1088,Q59,indic
1089,Q59,correspond
1090,Q59,approxim
1091,Q59,recal
1092,Q59,precis
1093,Q59,ratio
1094,Q59,larg
1095,Q59,document
1096,Q59,retriev
1097,Q59,system
1098,Q59,evalu
1099,Q59,preliminari
1100,Q59,applic
1101,Q59,method
1102,Q59,subject
1103,Q59,index
1104,Q59,two
1105,Q59,major
1106,Q59,encyclopedia
1107,Q59,show
1108,Q59,one
1109,Q59,encyclopedia
1110,Q59,appar
1111,Q59,superior
1112,Q59,find
1113,Q59,discrimin
1114,Q59,abil
1115,Q59,retriev
1116,Q59,perform
1117,Q59,method
1118,Q59,present
1119,Q59,best
1120,Q59,suit
1121,Q59,compar
1122,Q59,test
1123,Q59,sinc
1124,Q59,abil
1125,Q59,yield
1126,Q59,absolut
1127,Q59,reproduc
1128,Q59,measur
1129,Q59,yet
1130,Q59,establish
1131,Q60,combin
1132,Q60,use
1133,Q60,bibliograph
1134,Q60,coupl
1135,Q60,cocit
1136,Q60,document
1137,Q60,retriev
1138,Q60,linkag
1139,Q60,similar
1140,Q60,measur
1141,Q60,take
1142,Q60,account
1143,Q60,bibliograph
1144,Q60,coupl
1145,Q60,document
1146,Q60,cocit
1147,Q60,cite
1148,Q60,cite
1149,Q60,paper
1150,Q60,produc
1151,Q60,improv
1152,Q60,document
1153,Q60,retriev
1154,Q60,measur
1155,Q60,base
1156,Q60,bibliograph
1157,Q60,coupl
1158,Q60,test
1159,Q60,collect
1160,Q60,consist
1161,Q60,1712 
1162,Q60,paper
1163,Q60,whose
1164,Q60,relev
1165,Q60,specif
1166,Q60,queri
1167,Q60,judg
1168,Q60,user
1169,Q60,evalu
1170,Q60,effect
1171,Q60,use
1172,Q60,cocit
1173,Q60,data
1174,Q60,calcul
1175,Q60,queri
1176,Q60,two
1177,Q60,measur
1178,Q60,similar
1179,Q60,relev
1180,Q60,paper
1181,Q60,everi
1182,Q60,paper
1183,Q60,retriev
1184,Q60,paper
1185,Q60,sort
1186,Q60,similar
1187,Q60,measur
1188,Q60,produc
1189,Q60,two
1190,Q60,order
1191,Q60,list
1192,Q60,compar
1193,Q60,result
1194,Q60,predict
1195,Q60,relev
1196,Q60,partial
1197,Q60,relev
1198,Q60,non-relev
1199,Q60,user
1200,Q60,evalu
1201,Q60,paper
1202,Q60,overal
1203,Q60,chang
1204,Q60,bibliograph
1205,Q60,coupl
1206,Q60,measur
1207,Q60,linkag
1208,Q60,similar
1209,Q60,measur
1210,Q60,repres
1211,Q60,introduct
1212,Q60,cocit
1213,Q60,data
1214,Q60,result
1215,Q60,better
1216,Q60,retriev
1217,Q60,perform
1218,Q61,search
1219,Q61,bias
1220,Q61,larg
1221,Q61,interact
1222,Q61,document
1223,Q61,retriev
1224,Q61,system
1225,Q61,way
1226,Q61,individu
1227,Q61,construct
1228,Q61,modifi
1229,Q61,search
1230,Q61,queri
1231,Q61,larg
1232,Q61,interact
1233,Q61,document
1234,Q61,retriev
1235,Q61,system
1236,Q61,subject
1237,Q61,systemat
1238,Q61,bias
1239,Q61,similar
1240,Q61,demonstr
1241,Q61,experi
1242,Q61,judgement
1243,Q61,uncertainti
1244,Q61,bias
1245,Q61,share
1246,Q61,naiv
1247,Q61,sophist
1248,Q61,subject
1249,Q61,caus
1250,Q61,inquir
1251,Q61,search
1252,Q61,document
1253,Q61,larg
1254,Q61,interact
1255,Q61,system
1256,Q61,construct
1257,Q61,modifi
1258,Q61,queri
1259,Q61,ineffici
1260,Q61,search
1261,Q61,algorithm
1262,Q61,suggest
1263,Q61,help
1264,Q61,inquir
1265,Q61,avoid
1266,Q61,effect
1267,Q61,bias
1268,Q62,fuzzi
1269,Q62,request
1270,Q62,approach
1271,Q62,weight
1272,Q62,boolean
1273,Q62,search
1274,Q62,articl
1275,Q62,concern
1276,Q62,problem
1277,Q62,permit
1278,Q62,patron
1279,Q62,repres
1280,Q62,rel
1281,Q62,import
1282,Q62,variou
1283,Q62,index
1284,Q62,term
1285,Q62,boolean
1286,Q62,request
1287,Q62,retain
1288,Q62,desir
1289,Q62,properti
1290,Q62,boolean
1291,Q62,system
1292,Q62,charact
1293,Q62,classic
1294,Q62,boolean
1295,Q62,system
1296,Q62,review
1297,Q62,relat
1298,Q62,notion
1299,Q62,fuzzi
1300,Q62,set
1301,Q62,fuzzi
1302,Q62,set
1303,Q62,concept
1304,Q62,form
1305,Q62,basi
1306,Q62,concept
1307,Q62,fuzzi
1308,Q62,request
1309,Q62,weight
1310,Q62,assign
1311,Q62,index
1312,Q62,term
1313,Q62,ther
1314,Q62,properti
1315,Q62,system
1316,Q62,discuss
1317,Q62,shown
1318,Q62,system
1319,Q62,retain
1320,Q62,manipul
1321,Q62,tradit
1322,Q62,boolean
1323,Q62,request
1324,Q63,featur
1325,Q63,comparison
1326,Q63,in-hous
1327,Q63,inform
1328,Q63,retriev
1329,Q63,system
1330,Q63,commerci
1331,Q63,search
1332,Q63,servic
1333,Q63,commerci
1334,Q63,avail
1335,Q63,onlin
1336,Q63,search
1337,Q63,use
1338,Q63,standard
1339,Q63,compar
1340,Q63,search
1341,Q63,evalu
1342,Q63,in-hous
1343,Q63,inform
1344,Q63,system
1345,Q63,base
1346,Q63,automat
1347,Q63,index
1348,Q63,system
1349,Q63,featur
1350,Q63,identifi
1351,Q63,evalu
1352,Q63,basi
1353,Q63,use
1354,Q63,variou
1355,Q63,kind
1356,Q63,search
1357,Q63,eas
1358,Q63,implement
1359,Q63,influenc
1360,Q63,differ
1361,Q63,user
1362,Q63,type
1363,Q63,specif
1364,Q63,applic
1365,Q63,common
1366,Q63,featur
1367,Q63,commerci
1368,Q63,system
1369,Q63,onlin
1370,Q63,instruct
1371,Q63,user-specifi
1372,Q63,print
1373,Q63,format
1374,Q63,dictionari
1375,Q63,display
1376,Q63,truncat
1377,Q63,seen
1378,Q63,unnecessari
1379,Q63,impract
1380,Q63,in-hous
1381,Q63,system
1382,Q63,design
1383,Q63,in-hous
1384,Q63,system
1385,Q63,therefor
1386,Q63,detald
1387,Q63,consider
1388,Q63,must
1389,Q63,given
1390,Q63,applic
1391,Q63,oper
1392,Q63,environ
1393,Q63,real
1394,Q63,user
1395,Q63,need
1396,Q63,commerci
1397,Q63,system
1398,Q63,serv
1399,Q63,use
1400,Q63,standard
1401,Q63,compar
1402,Q63,evalu
1403,Q63,one
1404,Q63,must
1405,Q63,care
1406,Q63,attempt
1407,Q63,duplic
1408,Q63,blindli
1409,Q63,in-hous
1410,Q64,measur
1411,Q64,inform
1412,Q64,scienc
1413,Q64,object
1414,Q64,subject
1415,Q64,metric
1416,Q64,space
1417,Q64,argu
1418,Q64,inform
1419,Q64,scienc
1420,Q64,distinguish
1421,Q64,physic
1422,Q64,object
1423,Q64,document
1424,Q64,space
1425,Q64,perspect
1426,Q64,subject
1427,Q64,inform
1428,Q64,space
1429,Q64,two
1430,Q64,space
1431,Q64,like
1432,Q64,map
1433,Q64,landscap
1434,Q64,systemat
1435,Q64,distort
1436,Q64,howev
1437,Q64,transform
1438,Q64,easili
1439,Q64,made
1440,Q64,two
1441,Q64,space
1442,Q64,distinguish
1443,Q64,transform
1444,Q64,omit
1445,Q64,get
1446,Q64,unhelp
1447,Q64,physic
1448,Q64,solut
1449,Q64,inform
1450,Q64,problem
1451,Q65,model
1452,Q65,cluster
1453,Q65,search
1454,Q65,base
1455,Q65,classif
1456,Q65,use
1457,Q65,document
1458,Q65,cluster
1459,Q65,suggest
1460,Q65,effici
1461,Q65,file
1462,Q65,organ
1463,Q65,document
1464,Q65,retriev
1465,Q65,system
1466,Q65,possibl
1467,Q65,use
1468,Q65,inform
1469,Q65,relationship
1470,Q65,document
1471,Q65,effect
1472,Q65,system
1473,Q65,i.e.
1474,Q65,abil
1475,Q65,distinguish
1476,Q65,relev
1477,Q65,non-relev
1478,Q65,document
1479,Q65,may
1480,Q65,also
1481,Q65,improv
1482,Q65,paper
1483,Q65,probabilist
1484,Q65,model
1485,Q65,cluster
1486,Q65,search
1487,Q65,base
1488,Q65,queri
1489,Q65,classif
1490,Q65,describ
1491,Q65,model
1492,Q65,test
1493,Q65,retriev
1494,Q65,experi
1495,Q65,indic
1496,Q65,effect
1497,Q65,heurist
1498,Q65,cluster
1499,Q65,search
1500,Q65,cluster
1501,Q65,search
1502,Q65,base
1503,Q65,model
1504,Q65,also
1505,Q65,effect
1506,Q65,full
1507,Q65,search
1508,Q65,everi
1509,Q65,document
1510,Q65,compar
1511,Q65,queri
1512,Q65,effici
1513,Q65,aspect
1514,Q65,implement
1515,Q65,model
1516,Q65,discuss
1517,Q66,technolog
1518,Q66,librari
1519,Q66,inform
1520,Q66,network
1521,Q66,current
1522,Q66,onlin
1523,Q66,librari
1524,Q66,network
1525,Q66,technolog
1526,Q66,describ
1527,Q66,includ
1528,Q66,physic
1529,Q66,function
1530,Q66,aspect
1531,Q66,network
1532,Q66,three
1533,Q66,type
1534,Q66,network
1535,Q66,distinguish
1536,Q66,search
1537,Q66,servic
1538,Q66,e.g.
1539,Q66,sdc
1540,Q66,lockhe
1541,Q66,custom
1542,Q66,servic
1543,Q66,provid
1544,Q66,bibliograph
1545,Q66,file
1546,Q66,e.g.
1547,Q66,oclc
1548,Q66,inc
1549,Q66,rlin
1550,Q66,servic
1551,Q66,center
1552,Q66,e.g.
1553,Q66,nelinet
1554,Q66,incolsa
1555,Q66,predict
1556,Q66,technolog
1557,Q66,evolv
1558,Q66,servic
1559,Q66,provid
1560,Q66,outsid
1561,Q66,librari
1562,Q66,directli
1563,Q66,user
1564,Q66,home
1565,Q66,offic
1566,Q67,use
1567,Q67,titl
1568,Q67,automat
1569,Q67,document
1570,Q67,classif
1571,Q67,experiment
1572,Q67,comput
1573,Q67,program
1574,Q67,develop
1575,Q67,classifi
1576,Q67,document
1577,Q67,accord
1578,Q67,80 
1579,Q67,section
1580,Q67,five
1581,Q67,major
1582,Q67,section
1583,Q67,group
1584,Q67,chemic
1585,Q67,abstract
1586,Q67,ca
1587,Q67,program
1588,Q67,use
1589,Q67,pattern
1590,Q67,recognit
1591,Q67,techniqu
1592,Q67,supplement
1593,Q67,heurist
1594,Q67,train
1595,Q67,phase
1596,Q67,word
1597,Q67,pre-classifi
1598,Q67,document
1599,Q67,select
1600,Q67,probabl
1601,Q67,occurr
1602,Q67,word
1603,Q67,section
1604,Q67,ca
1605,Q67,comput
1606,Q67,store
1607,Q67,refer
1608,Q67,dictionari
1609,Q67,classif
1610,Q67,phase
1611,Q67,match
1612,Q67,word
1613,Q67,document
1614,Q67,titl
1615,Q67,dictionari
1616,Q67,assign
1617,Q67,section
1618,Q67,number
1619,Q67,document
1620,Q67,use
1621,Q67,weight
1622,Q67,deriv
1623,Q67,probabl
1624,Q67,dictionari
1625,Q67,heurist
1626,Q67,techniqu
1627,Q67,use
1628,Q67,normal
1629,Q67,word
1630,Q67,variant
1631,Q67,plural
1632,Q67,past
1633,Q67,tens
1634,Q67,gerund
1635,Q67,train
1636,Q67,phase
1637,Q67,classif
1638,Q67,phase
1639,Q67,dictionari
1640,Q67,lookup
1641,Q67,techniqu
1642,Q67,supplement
1643,Q67,analysi
1644,Q67,chemic
1645,Q67,nomenclatur
1646,Q67,term
1647,Q67,compon
1648,Q67,word
1649,Q67,root
1650,Q67,influenc
1651,Q67,section
1652,Q67,document
1653,Q67,assign
1654,Q67,program
1655,Q67,perform
1656,Q67,human
1657,Q67,consist
1658,Q67,evalu
1659,Q67,compar
1660,Q67,program
1661,Q67,result
1662,Q67,publish
1663,Q67,section
1664,Q67,ca
1665,Q67,conduct
1666,Q67,experi
1667,Q67,peopl
1668,Q67,experienc
1669,Q67,assign
1670,Q67,document
1671,Q67,ca
1672,Q67,section
1673,Q67,program
1674,Q67,assign
1675,Q67,approxim
1676,Q67,78% 
1677,Q67,document
1678,Q67,correct
1679,Q67,major
1680,Q67,section
1681,Q67,group
1682,Q67,ca
1683,Q67,67% 
1684,Q67,correct
1685,Q67,section
1686,Q67,cross-refer
1687,Q67,rate
1688,Q67,100 
1689,Q67,document
1690,Q67,per
1691,Q67,second
1692,Q68,brief
1693,Q68,commun
1694,Q68,automat
1695,Q68,classif
1696,Q68,procedur
1697,Q68,use
1698,Q68,inform
1699,Q68,retriev
1700,Q68,deriv
1701,Q68,cluster
1702,Q68,document
1703,Q68,intermedi
1704,Q68,similar
1705,Q68,matrix
1706,Q68,comput
1707,Q68,involv
1708,Q68,compar
1709,Q68,document
1710,Q68,collect
1711,Q68,other
1712,Q68,recent
1713,Q68,suggest
1714,Q68,mani
1715,Q68,comparison
1716,Q68,specif
1717,Q68,document
1718,Q68,term
1719,Q68,common
1720,Q68,may
1721,Q68,avoid
1722,Q68,mean
1723,Q68,uys
1724,Q68,invert
1725,Q68,file
1726,Q68,document
1727,Q68,collect
1728,Q68,commun
1729,Q68,show
1730,Q68,approach
1731,Q68,effect
1732,Q68,reduct
1733,Q68,number
1734,Q68,interdocu
1735,Q68,comparison
1736,Q68,document
1737,Q68,index
1738,Q68,limit
1739,Q68,number
1740,Q68,index
1741,Q68,term
1742,Q68,exhaust
1743,Q68,index
1744,Q68,use
1745,Q68,mani
1746,Q68,document
1747,Q68,pair
1748,Q68,compar
1749,Q68,sever
1750,Q68,time
1751,Q68,comput
1752,Q68,greater
1753,Q68,convent
1754,Q68,approach
1755,Q68,use
1756,Q68,gener
1757,Q68,similar
1758,Q68,matrix
1759,Q69,applic
1760,Q69,minicomput
1761,Q69,thesauru
1762,Q69,construct
1763,Q69,use
1764,Q69,minicomput
1765,Q69,variou
1766,Q69,phase
1767,Q69,creat
1768,Q69,thesauru
1769,Q69,nation
1770,Q69,inform
1771,Q69,center
1772,Q69,special
1773,Q69,educ
1774,Q69,materi
1775,Q69,nicsem
1776,Q69,databas
1777,Q69,describ
1778,Q69,minicomput
1779,Q69,use
1780,Q69,collect
1781,Q69,edit
1782,Q69,correct
1783,Q69,candid
1784,Q69,thesauru
1785,Q69,term
1786,Q69,use
1787,Q69,minicomput
1788,Q69,eas
1789,Q69,process
1790,Q69,group
1791,Q69,term
1792,Q69,file
1793,Q69,similar
1794,Q69,concept
1795,Q69,facilit
1796,Q69,gener
1797,Q69,product
1798,Q69,use
1799,Q69,vocabulari
1800,Q69,review
1801,Q69,term
1802,Q69,structur
1803,Q69,syndet
1804,Q69,relat
1805,Q69,indic
1806,Q69,assign
1807,Q69,code
1808,Q69,identif
1809,Q69,number
1810,Q69,alter
1811,Q69,easili
1812,Q69,design
1813,Q69,phase
1814,Q69,reflect
1815,Q69,restructur
1816,Q69,requir
1817,Q69,thesauru
1818,Q69,term
1819,Q69,alreadi
1820,Q69,machin
1821,Q69,readabl
1822,Q69,form
1823,Q69,simpl
1824,Q69,prepar
1825,Q69,print
1826,Q69,program
1827,Q69,provid
1828,Q69,permut
1829,Q69,alphabet
1830,Q69,hierarch
1831,Q69,chart
1832,Q69,format
1833,Q69,term
1834,Q69,display
1835,Q69,overal
1836,Q69,use
1837,Q69,minicomput
1838,Q69,facilit
1839,Q69,initi
1840,Q69,thesauru
1841,Q69,entri
1842,Q69,develop
1843,Q69,reduc
1844,Q69,cleric
1845,Q69,effort
1846,Q69,editori
1847,Q69,staff
1848,Q69,decis
1849,Q69,overal
1850,Q69,process
1851,Q69,time
1852,Q70,adapt
1853,Q70,design
1854,Q70,decis
1855,Q70,support
1856,Q70,system
1857,Q70,decis
1858,Q70,support
1859,Q70,system
1860,Q70,dss
1861,Q70,repres
1862,Q70,concept
1863,Q70,role
1864,Q70,comput
1865,Q70,within
1866,Q70,decis
1867,Q70,make
1868,Q70,process
1869,Q70,term
1870,Q70,becom
1871,Q70,ralli
1872,Q70,cri
1873,Q70,research
1874,Q70,practition
1875,Q70,manag
1876,Q70,concern
1877,Q70,manag
1878,Q70,scienc
1879,Q70,manag
1880,Q70,inform
1881,Q70,system
1882,Q70,field
1883,Q70,becom
1884,Q70,unnecessarili
1885,Q70,narrow
1886,Q70,focu
1887,Q70,mani
1888,Q70,ralli
1889,Q70,cri
1890,Q70,term
1891,Q70,well
1892,Q70,defin
1893,Q70,writer
1894,Q70,dss
1895,Q70,simpli
1896,Q70,mean
1897,Q70,interact
1898,Q70,system
1899,Q70,use
1900,Q70,manag
1901,Q70,other
1902,Q70,key
1903,Q70,issu
1904,Q70,support
1905,Q70,rather
1906,Q70,system
1907,Q70,focu
1908,Q70,understand
1909,Q70,improv
1910,Q70,decis
1911,Q70,process
1912,Q70,dss
1913,Q70,design
1914,Q70,use
1915,Q70,avail
1916,Q70,suitabl
1917,Q70,technolog
1918,Q70,research
1919,Q70,view
1920,Q70,dss
1921,Q70,subfield
1922,Q70,mi
1923,Q70,other
1924,Q70,regard
1925,Q70,extens
1926,Q70,manag
1927,Q70,scienc
1928,Q70,techniqu
1929,Q70,former
1930,Q70,defin
1931,Q70,decis
1932,Q70,support
1933,Q70,provid
1934,Q70,manag
1935,Q70,access
1936,Q70,data
1937,Q70,latter
1938,Q70,give
1939,Q70,access
1940,Q70,analyt
1941,Q70,model
1942,Q70,key
1943,Q70,argument
1944,Q70,paper
1945,Q70,term
1946,Q70,dss
1947,Q70,relev
1948,Q70,situat
1949,Q70,final
1950,Q70,system
1951,Q70,develop
1952,Q70,adapt
1953,Q70,process
1954,Q70,learn
1955,Q70,evolut
1956,Q70,design
1957,Q70,strategi
1958,Q70,must
1959,Q70,focu
1960,Q70,get
1961,Q70,finish
1962,Q70,differ
1963,Q70,manag
1964,Q70,scienc
1965,Q70,data
1966,Q70,process
1967,Q70,approach
1968,Q70,research
1969,Q70,issu
1970,Q70,dss
1971,Q70,center
1972,Q70,around
1973,Q70,adapt
1974,Q70,evolut
1975,Q70,includ
1976,Q70,manageri
1977,Q70,learn
1978,Q70,represent
1979,Q70,task
1980,Q70,user
1981,Q70,behavior
1982,Q70,design
1983,Q70,architectur
1984,Q70,strategi
1985,Q70,get
1986,Q70,start
1987,Q71,automat
1988,Q71,method
1989,Q71,extract
1990,Q71,signific
1991,Q71,phrase
1992,Q71,scienfif
1993,Q71,technic
1994,Q71,document
1995,Q71,new
1996,Q71,method
1997,Q71,describ
1998,Q71,extract
1999,Q71,signific
2000,Q71,phrase
2001,Q71,titl
2002,Q71,abstreact
2003,Q71,scientif
2004,Q71,technic
2005,Q71,document
2006,Q71,method
2007,Q71,base
2008,Q71,upon
2009,Q71,text
2010,Q71,structur
2011,Q71,analysi
2012,Q71,use
2013,Q71,rel
2014,Q71,small
2015,Q71,dictionari
2016,Q71,dictionari
2017,Q71,construct
2018,Q71,base
2019,Q71,knowledg
2020,Q71,concept
2021,Q71,field
2022,Q71,scienc
2023,Q71,technolog
2024,Q71,lexic
2025,Q71,knowledg
2026,Q71,signific
2027,Q71,phrase
2028,Q71,compon
2029,Q71,item
2030,Q71,may
2031,Q71,use
2032,Q71,differ
2033,Q71,mean
2034,Q71,among
2035,Q71,field
2036,Q71,text
2037,Q71,analysiu
2038,Q71,approach
2039,Q71,appli
2040,Q71,select
2041,Q71,signific
2042,Q71,phrase
2043,Q71,substanti
2044,Q71,semant
2045,Q71,inform
2046,Q71,carrier
2047,Q71,content
2048,Q71,abstract
2049,Q71,result
2050,Q71,experi
2051,Q71,five
2052,Q71,set
2053,Q71,document
2054,Q71,shown
2055,Q71,signific
2056,Q71,phrase
2057,Q71,effect
2058,Q71,extract
2059,Q71,case
2060,Q71,number
2061,Q71,everi
2062,Q71,document
2063,Q71,process
2064,Q71,time
2065,Q71,fairli
2066,Q71,satisfactori
2067,Q71,inform
2068,Q71,represent
2069,Q71,document
2070,Q71,partli
2071,Q71,use
2072,Q71,method
2073,Q71,discuss
2074,Q71,relat
2075,Q71,construct
2076,Q71,document
2077,Q71,inform
2078,Q71,retriev
2079,Q71,system
2080,Q72,answer-passag
2081,Q72,retriev
2082,Q72,text
2083,Q72,search
2084,Q72,passag
2085,Q72,retriev
2086,Q72,alreadi
2087,Q72,oper
2088,Q72,lawyer
2089,Q72,advantag
2090,Q72,output
2091,Q72,form
2092,Q72,opver
2093,Q72,refer
2094,Q72,retriev
2095,Q72,econom
2096,Q72,feasibl
2097,Q72,previou
2098,Q72,experi
2099,Q72,passag
2100,Q72,retriev
2101,Q72,scientist
2102,Q72,demonstr
2103,Q72,recal
2104,Q72,fals
2105,Q72,retriev
2106,Q72,rate
2107,Q72,good
2108,Q72,better
2109,Q72,present
2110,Q72,refer
2111,Q72,retriev
2112,Q72,servic
2113,Q72,present
2114,Q72,experi
2115,Q72,involv
2116,Q72,greater
2117,Q72,varieti
2118,Q72,form
2119,Q72,retriev
2120,Q72,question
2121,Q72,addit
2122,Q72,search
2123,Q72,word
2124,Q72,select
2125,Q72,independ
2126,Q72,two
2127,Q72,differ
2128,Q72,peopl
2129,Q72,retriev
2130,Q72,question
2131,Q72,search
2132,Q72,word
2133,Q72,select
2134,Q72,combin
2135,Q72,comput
2136,Q72,procedur
2137,Q72,use
2138,Q72,passag
2139,Q72,retriev
2140,Q72,produc
2141,Q72,averag
2142,Q72,recal
2143,Q72,ratio
2144,Q72,72 
2145,Q72,respect
2146,Q72,two
2147,Q72,selector
2148,Q72,fals
2149,Q72,retriev
2150,Q72,rate
2151,Q72,except
2152,Q72,one
2153,Q72,predict
2154,Q72,difficult
2155,Q72,question
2156,Q72,respect
2157,Q72,13 
2158,Q72,10 
2159,Q72,fals
2160,Q72,retriev
2161,Q72,sentenc
2162,Q72,per
2163,Q72,answer-pap
2164,Q72,retriev
2165,Q73,partial-match
2166,Q73,retriev
2167,Q73,use
2168,Q73,index
2169,Q73,descriptor
2170,Q73,file
2171,Q73,paper
2172,Q73,describ
2173,Q73,practic
2174,Q73,method
2175,Q73,partial-match
2176,Q73,retriev
2177,Q73,larg
2178,Q73,data
2179,Q73,file
2180,Q73,binari
2181,Q73,code
2182,Q73,word
2183,Q73,call
2184,Q73,descriptor
2185,Q73,associ
2186,Q73,record
2187,Q73,file
2188,Q73,record
2189,Q73,descriptor
2190,Q73,use
2191,Q73,form
2192,Q73,deriv
2193,Q73,descriptor
2194,Q73,block
2195,Q73,sever
2196,Q73,record
2197,Q73,serv
2198,Q73,index
2199,Q73,block
2200,Q73,whole
2201,Q73,henc
2202,Q73,name
2203,Q73,index
2204,Q73,descriptor
2205,Q73,file
2206,Q73,first
2207,Q73,structur
2208,Q73,file
2209,Q73,describ
2210,Q73,simpl
2211,Q73,effici
2212,Q73,retriev
2213,Q73,algorithm
2214,Q73,present
2215,Q73,expect
2216,Q73,behavior
2217,Q73,term
2218,Q73,storag
2219,Q73,access
2220,Q73,analyz
2221,Q73,detail
2222,Q73,two
2223,Q73,differ
2224,Q73,file
2225,Q73,creation
2226,Q73,procedur
2227,Q73,sketch
2228,Q73,number
2229,Q73,way
2230,Q73,file
2231,Q73,organ
2232,Q73,tune
2233,Q73,particular
2234,Q73,applic
2235,Q73,suggest
2236,Q74,cooper
2237,Q74,competit
2238,Q74,among
2239,Q74,librari
2240,Q74,network
2241,Q74,recenti
2242,Q74,technolog
2243,Q74,advanc
2244,Q74,success
2245,Q74,oclc
2246,Q74,inc
2247,Q74,led
2248,Q74,emerg
2249,Q74,three
2250,Q74,addit
2251,Q74,nonprofit
2252,Q74,librari
2253,Q74,network
2254,Q74,research
2255,Q74,librari
2256,Q74,inform
2257,Q74,network
2258,Q74,rlin
2259,Q74,research
2260,Q74,librari
2261,Q74,group
2262,Q74,inc
2263,Q74,univers
2264,Q74,toronto
2265,Q74,librari
2266,Q74,autom
2267,Q74,system
2268,Q74,utla
2269,Q74,washington
2270,Q74,librari
2271,Q74,network
2272,Q74,wln
2273,Q74,paper
2274,Q74,examin
2275,Q74,econom
2276,Q74,technolog
2277,Q74,factor
2278,Q74,affect
2279,Q74,evolut
2280,Q74,network
2281,Q74,also
2282,Q74,explor
2283,Q74,role
2284,Q74,state
2285,Q74,region
2286,Q74,multist
2287,Q74,network
2288,Q74,broker
2289,Q74,oclc
2290,Q74,servic
2291,Q74,competit
2292,Q74,cooper
2293,Q74,natur
2294,Q74,network
2295,Q74,relationship
2296,Q74,major
2297,Q74,theme
2298,Q74,discuss
2299,Q75,integr
2300,Q75,understand
2301,Q75,new
2302,Q75,type
2303,Q75,natur
2304,Q75,languag
2305,Q75,parser
2306,Q75,present
2307,Q75,idea
2308,Q75,behind
2309,Q75,parser
2310,Q75,map
2311,Q75,input
2312,Q75,sentenc
2313,Q75,deepest
2314,Q75,form
2315,Q75,represent
2316,Q75,mean
2317,Q75,infer
2318,Q75,appropri
2319,Q75,parser
2320,Q75,distinct
2321,Q75,entir
2322,Q75,understand
2323,Q75,system
2324,Q75,use
2325,Q75,integr
2326,Q75,concept
2327,Q75,infer
2328,Q75,script
2329,Q75,plan
2330,Q75,knowledg
2331,Q75,aid
2332,Q75,pars
2333,Q75,furthermor
2334,Q75,attempt
2335,Q75,pars
2336,Q75,everyth
2337,Q75,see
2338,Q75,rather
2339,Q75,determin
2340,Q75,interest
2341,Q75,concentr
2342,Q75,ignor
2343,Q75,rest
2344,Q76,librari
2345,Q76,network
2346,Q76,resourc
2347,Q76,share
2348,Q76,unit
2349,Q76,state
2350,Q76,histor
2351,Q76,philosoph
2352,Q76,overview
2353,Q76,paper
2354,Q76,discuss
2355,Q76,origin
2356,Q76,librari
2357,Q76,network
2358,Q76,trace
2359,Q76,develop
2360,Q76,unit
2361,Q76,state
2362,Q76,late
2363,Q76,present
2364,Q76,concept
2365,Q76,resourc
2366,Q76,share
2367,Q76,particular
2368,Q76,attent
2369,Q76,inter
2370,Q76,librari
2371,Q76,loan
2372,Q76,program
2373,Q76,cooper
2374,Q76,acquisit
2375,Q76,storag
2376,Q76,materi
2377,Q76,examin
2378,Q76,relationship
2379,Q76,librari
2380,Q76,network
2381,Q76,particular
2382,Q76,attent
2383,Q76,given
2384,Q76,question
2385,Q76,two
2386,Q76,major
2387,Q76,compon
2388,Q76,librari
2389,Q76,cooper
2390,Q76,tend
2391,Q76,separ
2392,Q76,might
2393,Q76,becom
2394,Q76,close
2395,Q76,integr
2396,Q77,normal
2397,Q77,titl
2398,Q77,retriev
2399,Q77,paper
2400,Q77,present
2401,Q77,method
2402,Q77,normal
2403,Q77,english
2404,Q77,titl
2405,Q77,retriev
2406,Q77,titl
2407,Q77,express
2408,Q77,noun
2409,Q77,phrase
2410,Q77,noun
2411,Q77,claus
2412,Q77,convert
2413,Q77,function-express
2414,Q77,pars
2415,Q77,retriev
2416,Q77,reason
2417,Q77,recal
2418,Q77,rate
2419,Q77,well
2420,Q77,high
2421,Q77,precis
2422,Q77,rate
2423,Q77,function
2424,Q77,express
2425,Q77,transform
2426,Q77,predicate-governor
2427,Q77,form
2428,Q77,normal
2429,Q77,standard
2430,Q77,form
2431,Q77,therefrom
2432,Q77,variou
2433,Q77,item
2434,Q77,extract
2435,Q77,record
2436,Q77,hierarch
2437,Q77,tree-lik
2438,Q77,invert
2439,Q77,file
2440,Q77,order
2441,Q77,keep
2442,Q77,recal
2443,Q77,rate
2444,Q77,reason
2445,Q77,valu
2446,Q77,sever
2447,Q77,retriev
2448,Q77,stage
2449,Q77,implement
2450,Q77,base
2451,Q77,key-term
2452,Q77,case-label
2453,Q77,match
2454,Q77,retriev
2455,Q77,control
2456,Q77,precis
2457,Q77,specif
2458,Q77,case-label
2459,Q77,key-term
2460,Q78,cascad
2461,Q78,atn
2462,Q78,grammar
2463,Q78,gener
2464,Q78,notion
2465,Q78,atn
2466,Q78,grammar
2467,Q78,call
2468,Q78,cascad
2469,Q78,atn
2470,Q78,catn
2471,Q78,prescrib
2472,Q78,catn
2473,Q78,permit
2474,Q78,decomposit
2475,Q78,complex
2476,Q78,languag
2477,Q78,understand
2478,Q78,behavior
2479,Q78,sequenc
2480,Q78,cooper
2481,Q78,atn
2482,Q78,separ
2483,Q78,domain
2484,Q78,respons
2485,Q78,stage
2486,Q78,call
2487,Q78,atn
2488,Q78,transduc
2489,Q78,take
2490,Q78,input
2491,Q78,output
2492,Q78,previou
2493,Q78,stage
2494,Q78,paper
2495,Q78,includ
2496,Q78,extens
2497,Q78,discjuss
2498,Q78,principl
2499,Q78,factoring-conceptu
2500,Q78,factor
2501,Q78,reduc
2502,Q78,number
2503,Q78,place
2504,Q78,given
2505,Q78,fact
2506,Q78,need
2507,Q78,repres
2508,Q78,grammar
2509,Q78,hypothesi
2510,Q78,factor
2511,Q78,reduc
2512,Q78,number
2513,Q78,distinct
2514,Q78,hypothes
2515,Q78,consid
2516,Q78,pars
2517,Q79,algorithm
2518,Q79,process
2519,Q79,partial
2520,Q79,match
2521,Q79,queri
2522,Q79,use
2523,Q79,word
2524,Q79,fragment
2525,Q79,algorithm
2526,Q79,given
2527,Q79,process
2528,Q79,partial
2529,Q79,specifi
2530,Q79,queri
2531,Q79,compress
2532,Q79,databas
2533,Q79,system
2534,Q79,propos
2535,Q79,method
2536,Q79,handl
2537,Q79,effect
2538,Q79,queri
2539,Q79,use
2540,Q79,either
2541,Q79,whole
2542,Q79,word
2543,Q79,word
2544,Q79,fragment
2545,Q79,languag
2546,Q79,element
2547,Q79,method
2548,Q79,compar
2549,Q79,critic
2550,Q79,evalu
2551,Q79,term
2552,Q79,design
2553,Q79,retriev
2554,Q79,cost
2555,Q79,analys
2556,Q79,show
2557,Q79,method
2558,Q79,exploit
2559,Q79,interdepend
2560,Q79,fragment
2561,Q79,well
2562,Q79,relev
2563,Q79,fragment
2564,Q79,record
2565,Q79,file
2566,Q79,maximum
2567,Q79,design
2568,Q79,cost
2569,Q79,least
2570,Q79,retriev
2571,Q79,cost
2572,Q80,gener
2573,Q80,formul
2574,Q80,bradford
2575,Q80,distribut
2576,Q80,graph-ori
2577,Q80,approach
2578,Q80,detail
2579,Q80,analysi
2580,Q80,eight
2581,Q80,previous
2582,Q80,publish
2583,Q80,mathemat
2584,Q80,model
2585,Q80,gener
2586,Q80,formul
2587,Q80,bradford
2588,Q80,distribut
2589,Q80,deduc
2590,Q80,follow
2591,Q80,log
2592,Q80,x
2593,Q80,c
2594,Q80,b
2595,Q80,ratio
2596,Q80,cumul
2597,Q80,frequenc
2598,Q80,articl
2599,Q80,total
2600,Q80,number
2601,Q80,articl
2602,Q80,x
2603,Q80,ratio
2604,Q80,rank
2605,Q80,journal
2606,Q80,total
2607,Q80,number
2608,Q80,journal
2609,Q80,paramet
2610,Q80,b
2611,Q80,c
2612,Q80,slope
2613,Q80,intercept
2614,Q80,shift
2615,Q80,straight
2616,Q80,line
2617,Q80,log
2618,Q80,rank
2619,Q80,respect
2620,Q80,eight
2621,Q80,model
2622,Q80,special
2623,Q80,case
2624,Q80,gener
2625,Q80,formul
2626,Q80,one
2627,Q80,five
2628,Q80,type
2629,Q80,formul
2630,Q80,order
2631,Q80,estim
2632,Q80,three
2633,Q80,unknown
2634,Q80,paramet
2635,Q80,statist
2636,Q80,method
2637,Q80,use
2638,Q80,root-weight
2639,Q80,squar
2640,Q80,error
2641,Q80,propos
2642,Q80,compar
2643,Q80,experi
2644,Q80,use
2645,Q80,11 
2646,Q80,databas
2647,Q80,suggest
2648,Q80,fifth
2649,Q80,type
2650,Q80,formul
2651,Q80,three
2652,Q80,unknown
2653,Q80,paramet
2654,Q80,best
2655,Q80,fit
2656,Q80,observ
2657,Q80,data
2658,Q80,experi
2659,Q80,show
2660,Q80,delet
2661,Q80,droop
2662,Q80,data
2663,Q80,lead
2664,Q80,accur
2665,Q80,valu
2666,Q80,paramet
2667,Q80,less
2668,Q80,error
2669,Q81,lexic
2670,Q81,problem
2671,Q81,larg
2672,Q81,distribut
2673,Q81,inform
2674,Q81,system
2675,Q81,lexic
2676,Q81,problem
2677,Q81,larg
2678,Q81,inform
2679,Q81,system
2680,Q81,creat
2681,Q81,necess
2682,Q81,handl
2683,Q81,great
2684,Q81,number
2685,Q81,name
2686,Q81,interrel
2687,Q81,lexic
2688,Q81,problem
2689,Q81,cover
2690,Q81,complet
2691,Q81,concept
2692,Q81,data
2693,Q81,dictionari
2694,Q81,mostli
2695,Q81,concern
2696,Q81,databas
2697,Q81,scheme
2698,Q81,design
2699,Q81,rather
2700,Q81,execut
2701,Q81,oper
2702,Q81,paper
2703,Q81,introduc
2704,Q81,view
2705,Q81,lexic
2706,Q81,subsystem
2707,Q81,separ
2708,Q81,compon
2709,Q81,inform
2710,Q81,system
2711,Q81,architectur
2712,Q81,deal
2713,Q81,linguist
2714,Q81,control
2715,Q81,function
2716,Q81,concern
2717,Q81,lexic
2718,Q81,problem
2719,Q81,local
2720,Q81,network
2721,Q81,environ
2722,Q81,lexic
2723,Q81,suybsystem
2724,Q81,special
2725,Q81,effici
2726,Q81,organ
2727,Q81,program
2728,Q81,packag
2729,Q81,play
2730,Q81,role
2731,Q81,linguist
2732,Q81,filter
2733,Q81,broad
2734,Q81,sens
2735,Q81,lexic
2736,Q81,incorrect
2737,Q81,queri
2738,Q81,promot
2739,Q81,integr
2740,Q81,databas
2741,Q81,inform
2742,Q81,retriev
2743,Q81,system
2744,Q81,facilit
2745,Q81,creation
2746,Q81,local
2747,Q81,inform
2748,Q81,system
2749,Q81,hope
2750,Q81,lexic
2751,Q81,subsystem
2752,Q81,becom
2753,Q81,product
2754,Q81,larg
2755,Q81,especi
2756,Q81,distribut
2757,Q81,inform
2758,Q81,system
2759,Q82,relat
2760,Q82,model
2761,Q82,inform
2762,Q82,retriev
2763,Q82,relat
2764,Q82,model
2765,Q82,receiv
2766,Q82,increas
2767,Q82,attent
2768,Q82,past
2769,Q82,decad
2770,Q82,advantag
2771,Q82,includ
2772,Q82,simplic
2773,Q82,consist
2774,Q82,sound
2775,Q82,theoret
2776,Q82,basi
2777,Q82,articl
2778,Q82,natur
2779,Q82,view
2780,Q82,inform
2781,Q82,retriev
2782,Q82,relat
2783,Q82,demonstr
2784,Q82,relat
2785,Q82,model
2786,Q82,present
2787,Q82,relat
2788,Q82,organ
2789,Q82,bibliograph
2790,Q82,databas
2791,Q82,shown
2792,Q82,notion
2793,Q82,normal
2794,Q82,introduc
2795,Q82,first
2796,Q82,second
2797,Q82,third
2798,Q82,fourth
2799,Q82,normal
2800,Q82,form
2801,Q82,demonstr
2802,Q82,relat
2803,Q82,languag
2804,Q82,discuss
2805,Q82,includ
2806,Q82,relat
2807,Q82,calculu
2808,Q82,relat
2809,Q82,algebra
2810,Q82,sequel
2811,Q82,numer
2812,Q82,exampl
2813,Q82,pertin
2814,Q82,inform
2815,Q82,retriev
2816,Q82,present
2817,Q82,relat
2818,Q82,languag
2819,Q82,advantag
2820,Q82,relat
2821,Q82,approach
2822,Q82,inform
2823,Q82,retriev
2824,Q82,note
2825,Q83,electron
2826,Q83,inform
2827,Q83,interchang
2828,Q83,offic
2829,Q83,environ
2830,Q83,paper
2831,Q83,describ
2832,Q83,architectur
2833,Q83,approach
2834,Q83,provid
2835,Q83,inform
2836,Q83,exchang
2837,Q83,across
2838,Q83,broad
2839,Q83,spectrum
2840,Q83,user
2841,Q83,applic
2842,Q83,offic
2843,Q83,autom
2844,Q83,offer
2845,Q83,architectur
2846,Q83,describ
2847,Q83,herein
2848,Q83,current
2849,Q83,implement
2850,Q83,exist
2851,Q83,ibm
2852,Q83,product
2853,Q83,architectur
2854,Q83,provid
2855,Q83,basi
2856,Q83,document
2857,Q83,interchang
2858,Q83,capabl
2859,Q83,product
2860,Q83,ibm
2861,Q83,5520 
2862,Q83,administr
2863,Q83,system
2864,Q83,ibm
2865,Q83,system
2866,Q83,370 
2867,Q83,distribut
2868,Q83,offic
2869,Q83,support
2870,Q83,system
2871,Q83,disoss
2872,Q83,ibm
2873,Q83,displaywrit
2874,Q83,system
2875,Q83,specif
2876,Q83,describ
2877,Q83,document
2878,Q83,distribut
2879,Q83,architectur
2880,Q83,associ
2881,Q83,data
2882,Q83,stream
2883,Q83,other
2884,Q83,gener
2885,Q83,overview
2886,Q83,architectur
2887,Q83,oppos
2888,Q83,detail
2889,Q83,technic
2890,Q83,descript
2891,Q83,provid
2892,Q83,architectur
2893,Q83,describ
2894,Q83,protocol
2895,Q83,interchang
2896,Q83,applic
2897,Q83,process
2898,Q83,address
2899,Q83,specif
2900,Q83,user
2901,Q83,interfac
2902,Q83,document
2903,Q83,distribut
2904,Q83,architectur
2905,Q83,util
2906,Q83,sna
2907,Q83,data
2908,Q83,transmiss
2909,Q83,commun
2910,Q83,control
2911,Q83,facil
2912,Q84,use
2913,Q84,automat
2914,Q84,relev
2915,Q84,feedback
2916,Q84,boolean
2917,Q84,retriev
2918,Q84,system
2919,Q84,techniqu
2920,Q84,describ
2921,Q84,automat
2922,Q84,reformul
2923,Q84,boolean
2924,Q84,queri
2925,Q84,base
2926,Q84,patron
2927,Q84,relev
2928,Q84,judgement
2929,Q84,initi
2930,Q84,retriev
2931,Q84,preval
2932,Q84,measur
2933,Q84,deriv
2934,Q84,term
2935,Q84,appear
2936,Q84,retriev
2937,Q84,set
2938,Q84,document
2939,Q84,reflect
2940,Q84,term
2941,Q84,distribut
2942,Q84,among
2943,Q84,relev
2944,Q84,non-relev
2945,Q84,document
2946,Q84,measur
2947,Q84,use
2948,Q84,guid
2949,Q84,construct
2950,Q84,boolean
2951,Q84,queri
2952,Q84,subsequ
2953,Q84,retriev
2954,Q84,illustr
2955,Q84,techniqu
2956,Q84,seri
2957,Q84,test
2958,Q84,describ
2959,Q84,applic
2960,Q84,small
2961,Q84,data
2962,Q84,base
2963,Q84,experiment
2964,Q84,environ
2965,Q84,result
2966,Q84,compar
2967,Q84,favour
2968,Q84,feedback
2969,Q84,employ
2970,Q84,smart-typ
2971,Q84,system
2972,Q84,extens
2973,Q84,test
2974,Q84,suggest
2975,Q84,valid
2976,Q84,techniqu
2977,Q85,interact
2978,Q85,natur
2979,Q85,languag
2980,Q85,artifici
2981,Q85,system
2982,Q85,donau
2983,Q85,project
2984,Q85,paper
2985,Q85,intend
2986,Q85,propos
2987,Q85,new
2988,Q85,methodolog
2989,Q85,approach
2990,Q85,concept
2991,Q85,develop
2992,Q85,natur
2993,Q85,languag
2994,Q85,understand
2995,Q85,system
2996,Q85,new
2997,Q85,contribut
2998,Q85,support
2999,Q85,design
3000,Q85,implement
3001,Q85,experiment
3002,Q85,donau
3003,Q85,gener
3004,Q85,purpos
3005,Q85,domain
3006,Q85,orient
3007,Q85,natur
3008,Q85,languag
3009,Q85,understand
3010,Q85,system
3011,Q85,develop
3012,Q85,present
3013,Q85,run
3014,Q85,milan
3015,Q85,polytechn
3016,Q85,artifici
3017,Q85,intellig
3018,Q85,project
3019,Q85,system
3020,Q85,base
3021,Q85,two
3022,Q85,level
3023,Q85,modular
3024,Q85,architectur
3025,Q85,intend
3026,Q85,overcom
3027,Q85,lack
3028,Q85,flexibl
3029,Q85,gener
3030,Q85,often
3031,Q85,point
3032,Q85,mani
3033,Q85,exist
3034,Q85,system
3035,Q85,facilit
3036,Q85,exchang
3037,Q85,result
3038,Q85,actual
3039,Q85,experi
3040,Q85,differ
3041,Q85,project
3042,Q85,horizont
3043,Q85,level
3044,Q85,allow
3045,Q85,independ
3046,Q85,parallel
3047,Q85,develop
3048,Q85,singl
3049,Q85,segment
3050,Q85,system
3051,Q85,syntact
3052,Q85,analys
3053,Q85,inform
3054,Q85,extractor
3055,Q85,legal
3056,Q85,control
3057,Q85,vertic
3058,Q85,level
3059,Q85,ensur
3060,Q85,possibl
3061,Q85,chang
3062,Q85,enlarg
3063,Q85,redefin
3064,Q85,definit
3065,Q85,semant
3066,Q85,domain
3067,Q85,particular
3068,Q85,version
3069,Q85,system
3070,Q85,orient
3071,Q85,special
3072,Q85,simpl
3073,Q85,increment
3074,Q85,user-ori
3075,Q85,way
3076,Q85,paper
3077,Q85,gener
3078,Q85,architectur
3079,Q85,system
3080,Q85,mode
3081,Q85,oper
3082,Q85,segment
3083,Q85,illustr
3084,Q85,detail
3085,Q85,linguist
3086,Q85,model
3087,Q85,knowledg
3088,Q85,represent
3089,Q85,pars
3090,Q85,algorithm
3091,Q85,describ
3092,Q85,illustr
3093,Q85,mean
3094,Q85,select
3095,Q85,exampl
3096,Q85,perform
3097,Q85,evalu
3098,Q85,system
3099,Q85,applic
3100,Q85,version
3101,Q85,data
3102,Q85,base
3103,Q85,inquiri
3104,Q85,report
3105,Q85,discuss
3106,Q85,promis
3107,Q85,direct
3108,Q85,futur
3109,Q85,research
3110,Q85,present
3111,Q85,conclus
3112,Q86,approxim
3113,Q86,string
3114,Q86,match
3115,Q86,approxim
3116,Q86,match
3117,Q86,string
3118,Q86,review
3119,Q86,aim
3120,Q86,survey
3121,Q86,techniqu
3122,Q86,suitabl
3123,Q86,find
3124,Q86,item
3125,Q86,databas
3126,Q86,may
3127,Q86,spell
3128,Q86,mistak
3129,Q86,error
3130,Q86,keyword
3131,Q86,method
3132,Q86,found
3133,Q86,classifi
3134,Q86,either
3135,Q86,equival
3136,Q86,similar
3137,Q86,problem
3138,Q86,equival
3139,Q86,problem
3140,Q86,seen
3141,Q86,readili
3142,Q86,solv
3143,Q86,use
3144,Q86,canon
3145,Q86,form
3146,Q86,similar
3147,Q86,problem
3148,Q86,differ
3149,Q86,measur
3150,Q86,survey
3151,Q86,full
3152,Q86,descript
3153,Q86,well-establish
3154,Q86,dynam
3155,Q86,program
3156,Q86,method
3157,Q86,relat
3158,Q86,approach
3159,Q86,use
3160,Q86,probabl
3161,Q86,likelihood
3162,Q86,search
3163,Q86,approxim
3164,Q86,match
3165,Q86,larg
3166,Q86,set
3167,Q86,use
3168,Q86,differ
3169,Q86,function
3170,Q86,seen
3171,Q86,open
3172,Q86,problem
3173,Q86,still
3174,Q86,though
3175,Q86,sever
3176,Q86,promis
3177,Q86,idea
3178,Q86,suggest
3179,Q86,approxim
3180,Q86,match
3181,Q86,error
3182,Q86,correct
3183,Q86,pars
3184,Q86,briefli
3185,Q86,review
3186,Q87,use
3187,Q87,onlin
3188,Q87,microfich
3189,Q87,catalog
3190,Q87,technic
3191,Q87,servic
3192,Q87,retriev
3193,Q87,bibliograph
3194,Q87,data
3195,Q87,prototyp
3196,Q87,system
3197,Q87,creat
3198,Q87,integr
3199,Q87,microfich
3200,Q87,catalog
3201,Q87,onlin
3202,Q87,comput
3203,Q87,system
3204,Q87,bibliograph
3205,Q87,control
3206,Q87,cost
3207,Q87,oper
3208,Q87,data
3209,Q87,collect
3210,Q87,analyz
3211,Q87,system
3212,Q87,permit
3213,Q87,econom
3214,Q87,microfich
3215,Q87,storag
3216,Q87,catalog
3217,Q87,record
3218,Q87,would
3219,Q87,feasibl
3220,Q87,compar
3221,Q87,onlin
3222,Q87,magnet
3223,Q87,disk
3224,Q87,storag
3225,Q87,experiment
3226,Q87,test
3227,Q87,demonstr
3228,Q87,feasibl
3229,Q87,onlin
3230,Q87,microfich
3231,Q87,catalog
3232,Q87,system
3233,Q87,use
3234,Q87,librari
3235,Q87,technic
3236,Q87,servic
3237,Q87,retriev
3238,Q87,bibliograph
3239,Q87,data
3240,Q87,primari
3241,Q87,result
3242,Q87,project
3243,Q87,creation
3244,Q87,complet
3245,Q87,oper
3246,Q87,facil
3247,Q87,includ
3248,Q87,equip
3249,Q87,softwar
3250,Q87,procedur
3251,Q87,data
3252,Q87,base
3253,Q87,necessari
3254,Q87,demonstr
3255,Q87,system
3256,Q87,second
3257,Q87,set
3258,Q87,result
3259,Q87,deriv
3260,Q87,experiment
3261,Q87,use
3262,Q87,system
3263,Q87,evalu
3264,Q87,cost
3265,Q87,time
3266,Q87,variou
3267,Q87,oper
3268,Q87,cost
3269,Q87,effect
3270,Q87,onlin
3271,Q87,microfich
3272,Q87,catalog
3273,Q87,demonstr
3274,Q88,natur
3275,Q88,languag
3276,Q88,access
3277,Q88,inform
3278,Q88,system
3279,Q88,evalu
3280,Q88,studi
3281,Q88,accept
3282,Q88,end
3283,Q88,user
3284,Q88,question
3285,Q88,ask
3286,Q88,whether
3287,Q88,feasibl
3288,Q88,use
3289,Q88,subset
3290,Q88,natur
3291,Q88,languag
3292,Q88,queri
3293,Q88,languag
3294,Q88,data
3295,Q88,base
3296,Q88,actual
3297,Q88,applic
3298,Q88,use
3299,Q88,question
3300,Q88,answer
3301,Q88,system
3302,Q88,user
3303,Q88,specialti
3304,Q88,languag
3305,Q88,usl
3306,Q88,method
3307,Q88,evalu
3308,Q88,natur
3309,Q88,languag
3310,Q88,base
3311,Q88,inform
3312,Q88,system
3313,Q88,discuss
3314,Q88,result
3315,Q88,error
3316,Q88,languag
3317,Q88,structur
3318,Q88,evalu
3319,Q88,suggest
3320,Q88,form
3321,Q88,gener
3322,Q88,architectur
3323,Q88,applic
3324,Q88,system
3325,Q88,use
3326,Q88,subset
3327,Q88,german
3328,Q88,queri
3329,Q88,languag
3330,Q89,consider
3331,Q89,relat
3332,Q89,cost-effect
3333,Q89,onlin
3334,Q89,servic
3335,Q89,librari
3336,Q89,1978 
3337,Q89,collier
3338,Q89,present
3339,Q89,hypothet
3340,Q89,data
3341,Q89,econom
3342,Q89,aspect
3343,Q89,use
3344,Q89,onlin
3345,Q89,servic
3346,Q89,compar
3347,Q89,subscript
3348,Q89,print
3349,Q89,servic
3350,Q89,librari
3351,Q89,collier
3352,Q89,view
3353,Q89,econom
3354,Q89,onlin
3355,Q89,search
3356,Q89,seem
3357,Q89,misleadingli
3358,Q89,pessimist
3359,Q89,look
3360,Q89,cost
3361,Q89,effect
3362,Q89,compar
3363,Q89,two
3364,Q89,mode
3365,Q89,access
3366,Q89,search
3367,Q89,analysi
3368,Q89,combin
3369,Q89,cost
3370,Q89,effect
3371,Q89,aspect
3372,Q89,i.e.
3373,Q89,cost-effect
3374,Q89,analysi
3375,Q89,would
3376,Q89,give
3377,Q89,complet
3378,Q89,differ
3379,Q89,pictur
3380,Q89,way
3381,Q89,cost
3382,Q89,data
3383,Q89,present
3384,Q89,grossli
3385,Q89,unfair
3386,Q89,onlin
3387,Q89,mode
3388,Q89,access
3389,Q89,use
3390,Q89,work
3391,Q89,contain
3392,Q89,correct
3393,Q89,inform
3394,Q89,regard
3395,Q89,onlin
3396,Q89,print
3397,Q89,servic
3398,Q89,librari
3399,Q90,co-cit
3400,Q90,context
3401,Q90,analysi
3402,Q90,structur
3403,Q90,paradigm
3404,Q90,mani
3405,Q90,inform
3406,Q90,scientist
3407,Q90,concern
3408,Q90,oper
3409,Q90,document
3410,Q90,retriev
3411,Q90,system
3412,Q90,serv
3413,Q90,scientist
3414,Q90,variou
3415,Q90,field
3416,Q90,scientist
3417,Q90,serv
3418,Q90,system
3419,Q90,often
3420,Q90,member
3421,Q90,call
3422,Q90,invis
3423,Q90,colleg
3424,Q90,group
3425,Q90,scientist
3426,Q90,frequent
3427,Q90,commun
3428,Q90,one
3429,Q90,anoth
3430,Q90,involv
3431,Q90,highli
3432,Q90,special
3433,Q90,subject
3434,Q90,matter
3435,Q90,often
3436,Q90,group
3437,Q90,consid
3438,Q90,share
3439,Q90,intellectu
3440,Q90,perspect
3441,Q90,regard
3442,Q90,subject
3443,Q90,matter
3444,Q90,sometim
3445,Q90,refer
3446,Q90,paradigm
3447,Q90,purpos
3448,Q90,paper
3449,Q90,show
3450,Q90,possibl
3451,Q90,identifi
3452,Q90,paradigm
3453,Q90,use
3454,Q90,techniqu
3455,Q90,citat
3456,Q90,analysi
3457,Q90,operation
3458,Q90,notion
3459,Q90,paradigm
3460,Q90,consensu
3461,Q90,structur
3462,Q90,concept
3463,Q90,field
3464,Q90,suppos
3465,Q90,obtain
3466,Q90,set
3467,Q90,paper
3468,Q90,pertain
3469,Q90,topic
3470,Q90,alreadi
3471,Q90,know
3472,Q90,someth
3473,Q90,field
3474,Q90,read
3475,Q90,text
3476,Q90,mark
3477,Q90,passag
3478,Q90,certain
3479,Q90,specif
3480,Q90,concept
3481,Q90,use
3482,Q90,discuss
3483,Q90,exampl
3484,Q90,might
3485,Q90,find
3486,Q90,concept
3487,Q90,design
3488,Q90,appear
3489,Q90,sub-set
3490,Q90,paper
3491,Q90,suppos
3492,Q90,identifi
3493,Q90,paper
3494,Q90,concept
3495,Q90,b
3496,Q90,use
3497,Q90,togeth
3498,Q90,paper
3499,Q90,certain
3500,Q90,specifi
3501,Q90,manner
3502,Q90,clearli
3503,Q90,concept
3504,Q90,combin
3505,Q90,natur
3506,Q90,way
3507,Q90,author
3508,Q90,combin
3509,Q90,concept
3510,Q90,b
3511,Q90,way
3512,Q90,though
3513,Q90,predomin
3514,Q90,mode
3515,Q90,may
3516,Q90,emerg
3517,Q90,set
3518,Q90,n
3519,Q90,concept
3520,Q90,structur
3521,Q90,given
3522,Q90,total
3523,Q90,admiss
3524,Q90,combin
3525,Q90,concept
3526,Q90,taken
3527,Q90,two
3528,Q90,n
3529,Q90,time
3530,Q90,frequenc
3531,Q90,given
3532,Q90,combin
3533,Q90,occur
3534,Q90,sampl
3535,Q90,paper
3536,Q90,topic
3537,Q90,measur
3538,Q90,degre
3539,Q90,consensu
3540,Q90,regard
3541,Q90,particular
3542,Q90,concept
3543,Q90,combin
3544,Q90,within
3545,Q90,corpu
3546,Q90,concept
3547,Q90,taken
3548,Q90,two
3549,Q90,time
3550,Q90,structur
3551,Q90,display
3552,Q90,graph
3553,Q90,concept
3554,Q90,node
3555,Q90,relat
3556,Q90,repres
3557,Q90,line
3558,Q90,arc
3559,Q90,connect
3560,Q90,node
3561,Q90,definit
3562,Q90,concept
3563,Q90,structur
3564,Q90,similar
3565,Q90,semant
3566,Q90,network
3567,Q90,artifici
3568,Q90,intellig
3569,Q90,except
3570,Q90,approach
3571,Q90,measur
3572,Q90,consensu
3573,Q90,weight
3574,Q90,arc
3575,Q90,graph
3576,Q91,cocit
3577,Q91,author
3578,Q91,retriev
3579,Q91,onlin
3580,Q91,experi
3581,Q91,social
3582,Q91,indic
3583,Q91,literatur
3584,Q91,one
3585,Q91,mode
3586,Q91,onlin
3587,Q91,retriev
3588,Q91,scisearch
3589,Q91,social
3590,Q91,scisearch
3591,Q91,involv
3592,Q91,enter
3593,Q91,pair
3594,Q91,author
3595,Q91,name
3596,Q91,believ
3597,Q91,jointli
3598,Q91,cite
3599,Q91,subsequ
3600,Q91,writer
3601,Q91,retriev
3602,Q91,paper
3603,Q91,cocit
3604,Q91,occur
3605,Q91,six
3606,Q91,pair
3607,Q91,form
3608,Q91,name
3609,Q91,four
3610,Q91,author
3611,Q91,promin
3612,Q91,social
3613,Q91,indic
3614,Q91,movement
3615,Q91,bauer
3616,Q91,duncan
3617,Q91,land
3618,Q91,sheldon
3619,Q91,document
3620,Q91,four
3621,Q91,specifi
3622,Q91,thought
3623,Q91,pair
3624,Q91,duncan
3625,Q91,land
3626,Q91,would
3627,Q91,retriev
3628,Q91,paper
3629,Q91,indicator-typ
3630,Q91,data
3631,Q91,would
3632,Q91,integr
3633,Q91,path-analyt
3634,Q91,causal
3635,Q91,model
3636,Q91,pair
3637,Q91,seem
3638,Q91,like
3639,Q91,retriev
3640,Q91,gener
3641,Q91,social
3642,Q91,indic
3643,Q91,literatur
3644,Q91,298 
3645,Q91,retriev
3646,Q91,paper
3647,Q91,confirm
3648,Q91,expectatt
3649,Q91,found
3650,Q91,121 
3651,Q91,paper
3652,Q91,gener
3653,Q91,cite
3654,Q91,social
3655,Q91,indic
3656,Q91,si
3657,Q91,document
3658,Q91,input
3659,Q91,author
3660,Q91,frequent
3661,Q91,si
3662,Q91,languag
3663,Q91,titl
3664,Q91,sign
3665,Q91,content
3666,Q91,also
3667,Q91,identifi
3668,Q91,paper
3669,Q91,si
3670,Q91,movement
3671,Q91,177 
3672,Q91,paper
3673,Q91,retriev
3674,Q91,duncan
3675,Q91,land
3676,Q91,gener
3677,Q91,cite
3678,Q91,causal
3679,Q91,model
3680,Q91,document
3681,Q91,input
3682,Q91,pair
3683,Q91,path-analyt
3684,Q91,natur
3685,Q91,expect
3686,Q91,rel
3687,Q91,harder
3688,Q91,first
3689,Q91,group
3690,Q91,paper
3691,Q91,although
3692,Q91,two
3693,Q91,group
3694,Q91,akin
3695,Q91,formal
3696,Q91,link
3697,Q91,citat
3698,Q91,certain
3699,Q91,paper
3700,Q91,addit
3701,Q91,result
3702,Q91,paper
3703,Q91,cite
3704,Q91,least
3705,Q91,three
3706,Q91,input
3707,Q91,author
3708,Q91,tend
3709,Q91,overview
3710,Q91,si
3711,Q91,movement
3712,Q92,databas
3713,Q92,onlin
3714,Q92,statist
3715,Q92,1979 
3716,Q92,number
3717,Q92,databas
3718,Q92,record
3719,Q92,contain
3720,Q92,databas
3721,Q92,onlin
3722,Q92,use
3723,Q92,databas
3724,Q92,increas
3725,Q92,dramat
3726,Q92,past
3727,Q92,sever
3728,Q92,year
3729,Q92,bring
3730,Q92,1979 
3731,Q92,total
3732,Q92,bibliograph
3733,Q92,bioliographic-rel
3734,Q92,natur
3735,Q92,languag
3736,Q92,databas
3737,Q92,528 
3738,Q92,databas
3739,Q92,contain
3740,Q92,148 
3741,Q92,million
3742,Q92,record
3743,Q92,4 
3744,Q92,million
3745,Q92,onlin
3746,Q92,search
3747,Q92,conduct
3748,Q92,via
3749,Q92,major
3750,Q92,u.s.
3751,Q92,canadian
3752,Q92,system
3753,Q93,experi
3754,Q93,local
3755,Q93,metric
3756,Q93,feedback
3757,Q93,full-text
3758,Q93,retriev
3759,Q93,system
3760,Q93,method
3761,Q93,iter
3762,Q93,search
3763,Q93,use
3764,Q93,result
3765,Q93,one
3766,Q93,iter
3767,Q93,search
3768,Q93,formul
3769,Q93,next
3770,Q93,iter
3771,Q93,search
3772,Q93,appli
3773,Q93,full-text
3774,Q93,databas
3775,Q93,consist
3776,Q93,2400 
3777,Q93,document
3778,Q93,000 
3779,Q93,text-word
3780,Q93,hebrew
3781,Q93,arama
3782,Q93,iter
3783,Q93,method
3784,Q93,consist
3785,Q93,cluster
3786,Q93,document
3787,Q93,return
3788,Q93,iter
3789,Q93,use
3790,Q93,weight
3791,Q93,proxim
3792,Q93,frequenc
3793,Q93,simultan
3794,Q93,process
3795,Q93,produc
3796,Q93,searchonym
3797,Q93,term
3798,Q93,synonym
3799,Q93,keyword
3800,Q93,context
3801,Q93,singl
3802,Q93,queri
3803,Q93,augument
3804,Q93,replac
3805,Q93,keyword
3806,Q93,searchonym
3807,Q93,via
3808,Q93,manual
3809,Q93,automat
3810,Q93,feedback
3811,Q93,lead
3812,Q93,formul
3813,Q93,next
3814,Q93,iter
3815,Q93,search
3816,Q93,result
3817,Q93,experi
3818,Q93,consist
3819,Q93,earlier
3820,Q93,small-scal
3821,Q93,experi
3822,Q93,english
3823,Q93,databas
3824,Q93,indic
3825,Q93,contrast
3826,Q93,global
3827,Q93,cluster
3828,Q93,size
3829,Q93,matric
3830,Q93,limit
3831,Q93,applic
3832,Q93,small
3833,Q93,databas
3834,Q93,improv
3835,Q93,doubt
3836,Q93,local
3837,Q93,metric
3838,Q93,method
3839,Q93,appear
3840,Q93,well
3841,Q93,suit
3842,Q93,arbitrarili
3843,Q93,larg
3844,Q93,databas
3845,Q93,improv
3846,Q93,precis
3847,Q93,recal
3848,Q93,simultan
3849,Q93,experi
3850,Q93,use
3851,Q93,test-queri
3852,Q93,run
3853,Q93,even
3854,Q93,larger
3855,Q93,databas
3856,Q93,made
3857,Q93,collect
3858,Q93,evid
3859,Q93,perform
3860,Q93,method
3861,Q94,microcomput
3862,Q94,altern
3863,Q94,inform
3864,Q94,handl
3865,Q94,refl
3866,Q94,refl
3867,Q94,microcomputer-bas
3868,Q94,system
3869,Q94,data
3870,Q94,retriev
3871,Q94,librari
3872,Q94,environ
3873,Q94,problem
3874,Q94,inform
3875,Q94,retriev
3876,Q94,discuss
3877,Q94,theoret
3878,Q94,point
3879,Q94,view
3880,Q94,follow
3881,Q94,analysi
3882,Q94,refer
3883,Q94,process
3884,Q94,data
3885,Q94,therebi
3886,Q94,gather
3887,Q94,lead
3888,Q94,descript
3889,Q94,refl
3890,Q94,term
3891,Q94,hardwar
3892,Q94,softwar
3893,Q94,refl
3894,Q94,prototyp
3895,Q94,system
3896,Q94,present
3897,Q94,current
3898,Q94,function
3899,Q94,test
3900,Q94,environ
3901,Q94,exampl
3902,Q94,data
3903,Q94,contain
3904,Q94,system
3905,Q94,use
3906,Q94,present
3907,Q94,futur
3908,Q94,consider
3909,Q94,specul
3910,Q94,version
3911,Q94,system
3912,Q94,conclud
3913,Q94,paper
3914,Q95,comparison
3915,Q95,two
3916,Q95,system
3917,Q95,weight
3918,Q95,boolean
3919,Q95,retriev
3920,Q95,major
3921,Q95,defici
3922,Q95,tradit
3923,Q95,boolean
3924,Q95,system
3925,Q95,inabl
3926,Q95,repres
3927,Q95,vari
3928,Q95,degre
3929,Q95,document
3930,Q95,may
3931,Q95,written
3932,Q95,subject
3933,Q95,articl
3934,Q95,isol
3935,Q95,number
3936,Q95,criteria
3937,Q95,met
3938,Q95,boolean
3939,Q95,system
3940,Q95,gener
3941,Q95,weight
3942,Q95,capabl
3943,Q95,proven
3944,Q95,one
3945,Q95,weight
3946,Q95,rule
3947,Q95,satisfi
3948,Q95,condit
3949,Q95,associ
3950,Q95,fuzzi
3951,Q95,set
3952,Q95,theori
3953,Q95,weight
3954,Q95,scheme
3955,Q95,satisfi
3956,Q95,properti
3957,Q95,associ
3958,Q95,boolean
3959,Q95,algebra
3960,Q95,well
3961,Q95,probabilist
3962,Q95,weight
3963,Q95,introduc
3964,Q95,altern
3965,Q95,approach
3966,Q95,two
3967,Q95,system
3968,Q95,compar
3969,Q95,limit
3970,Q95,zero
3971,Q95,one
3972,Q95,weight
3973,Q95,system
3974,Q95,consid
3975,Q95,converg
3976,Q95,tradit
3977,Q95,boolean
3978,Q95,retriev
3979,Q96,threshold
3980,Q96,valu
3981,Q96,boolean
3982,Q96,retriev
3983,Q96,system
3984,Q96,sever
3985,Q96,paper
3986,Q96,appear
3987,Q96,analyz
3988,Q96,recent
3989,Q96,develop
3990,Q96,problem
3991,Q96,process
3992,Q96,document
3993,Q96,retriev
3994,Q96,system
3995,Q96,queri
3996,Q96,express
3997,Q96,boolean
3998,Q96,express
3999,Q96,purpos
4000,Q96,paper
4001,Q96,continu
4002,Q96,analysi
4003,Q96,shall
4004,Q96,show
4005,Q96,concept
4006,Q96,threshold
4007,Q96,valu
4008,Q96,resolv
4009,Q96,problem
4010,Q96,inher
4011,Q96,relev
4012,Q96,weight
4013,Q96,moreov
4014,Q96,shall
4015,Q96,explor
4016,Q96,possibl
4017,Q96,evalu
4018,Q96,mechan
4019,Q96,retriev
4020,Q96,document
4021,Q96,base
4022,Q96,fuzzy-set-theoret
4023,Q96,consider
4024,Q97,model
4025,Q97,weight
4026,Q97,retriev
4027,Q97,system
4028,Q97,good
4029,Q97,deal
4030,Q97,work
4031,Q97,inform
4032,Q97,retriev
4033,Q97,system
4034,Q97,continu
4035,Q97,weight
4036,Q97,assign
4037,Q97,index
4038,Q97,term
4039,Q97,describ
4040,Q97,record
4041,Q97,databas
4042,Q97,queri
4043,Q97,term
4044,Q97,describ
4045,Q97,user
4046,Q97,queri
4047,Q97,recent
4048,Q97,articl
4049,Q97,analyz
4050,Q97,retriev
4051,Q97,system
4052,Q97,continu
4053,Q97,weight
4054,Q97,either
4055,Q97,type
4056,Q97,boolean
4057,Q97,structur
4058,Q97,queri
4059,Q97,also
4060,Q97,suggest
4061,Q97,criteria
4062,Q97,system
4063,Q97,ought
4064,Q97,satisfi
4065,Q97,record
4066,Q97,evalu
4067,Q97,mechan
4068,Q97,partial
4069,Q97,satisfi
4070,Q97,criteria
4071,Q97,offer
4072,Q97,care
4073,Q97,analysi
4074,Q97,base
4075,Q97,gener
4076,Q97,discret
4077,Q97,weight
4078,Q97,also
4079,Q97,look
4080,Q97,weight
4081,Q97,entir
4082,Q97,differ
4083,Q97,approach
4084,Q97,involv
4085,Q97,threshold
4086,Q97,gener
4087,Q97,improv
4088,Q97,evalu
4089,Q97,mechan
4090,Q97,seem
4091,Q97,fulfil
4092,Q97,larger
4093,Q97,subset
4094,Q97,desir
4095,Q97,criteria
4096,Q97,previou
4097,Q97,mechan
4098,Q97,new
4099,Q97,mechan
4100,Q97,allow
4101,Q97,user
4102,Q97,attach
4103,Q97,threshold
4104,Q97,queri
4105,Q97,term
4106,Q98,translat
4107,Q98,comput
4108,Q98,interfac
4109,Q98,end-us
4110,Q98,oper
4111,Q98,heterogen
4112,Q98,retriev
4113,Q98,system
4114,Q98,i.
4115,Q98,design
4116,Q98,onlin
4117,Q98,retriev
4118,Q98,system
4119,Q98,may
4120,Q98,difficult
4121,Q98,use
4122,Q98,especi
4123,Q98,end
4124,Q98,user
4125,Q98,heterogen
4126,Q98,complex
4127,Q98,investig
4128,Q98,concern
4129,Q98,concept
4130,Q98,translat
4131,Q98,comput
4132,Q98,interfac
4133,Q98,mean
4134,Q98,simplifi
4135,Q98,access
4136,Q98,oper
4137,Q98,heterogen
4138,Q98,bibliograph
4139,Q98,retriev
4140,Q98,system
4141,Q98,databas
4142,Q98,interfac
4143,Q98,allow
4144,Q98,user
4145,Q98,make
4146,Q98,request
4147,Q98,common
4148,Q98,languag
4149,Q98,request
4150,Q98,translat
4151,Q98,interfac
4152,Q98,appropri
4153,Q98,command
4154,Q98,whatev
4155,Q98,system
4156,Q98,interrog
4157,Q98,system
4158,Q98,respons
4159,Q98,may
4160,Q98,also
4161,Q98,transform
4162,Q98,interfac
4163,Q98,common
4164,Q98,form
4165,Q98,given
4166,Q98,user
4167,Q98,thu
4168,Q98,network
4169,Q98,differ
4170,Q98,system
4171,Q98,made
4172,Q98,look
4173,Q98,like
4174,Q98,singl
4175,Q98,virtual
4176,Q98,system
4177,Q98,user
4178,Q98,interfac
4179,Q98,also
4180,Q98,provid
4181,Q98,instruct
4182,Q98,search
4183,Q98,aid
4184,Q98,user
4185,Q98,philosophi
4186,Q98,design
4187,Q98,implement
4188,Q98,experiment
4189,Q98,interfac
4190,Q98,name
4191,Q98,conit
4192,Q98,describ
4193,Q99,translat
4194,Q99,comput
4195,Q99,interfac
4196,Q99,end-us
4197,Q99,oper
4198,Q99,heterogen
4199,Q99,retriev
4200,Q99,system
4201,Q99,ii
4202,Q99,evalu
4203,Q99,evalu
4204,Q99,concept
4205,Q99,translat
4206,Q99,compuyt
4207,Q99,interfac
4208,Q99,simplifi
4209,Q99,oper
4210,Q99,multipl
4211,Q99,heterogen
4212,Q99,onlin
4213,Q99,bibliograph
4214,Q99,retriev
4215,Q99,system
4216,Q99,undertaken
4217,Q99,experiment
4218,Q99,retriev
4219,Q99,system
4220,Q99,name
4221,Q99,conit
4222,Q99,built
4223,Q99,test
4224,Q99,control
4225,Q99,condit
4226,Q99,inexperienc
4227,Q99,end
4228,Q99,user
4229,Q99,detail
4230,Q99,analysi
4231,Q99,experiment
4232,Q99,usag
4233,Q99,show
4234,Q99,user
4235,Q99,abl
4236,Q99,master
4237,Q99,interfac
4238,Q99,oper
4239,Q99,suffici
4240,Q99,well
4241,Q99,find
4242,Q99,relev
4243,Q99,document
4244,Q99,refer
4245,Q99,success
4246,Q99,attribut
4247,Q99,part
4248,Q99,simpl
4249,Q99,command
4250,Q99,languag
4251,Q99,adequ
4252,Q99,onlin
4253,Q99,instruct
4254,Q99,simplifi
4255,Q99,natural-languag
4256,Q99,keyword
4257,Q99,stem
4258,Q99,approach
4259,Q99,search
4260,Q99,conclud
4261,Q99,oper
4262,Q99,interfac
4263,Q99,type
4264,Q99,studi
4265,Q99,provid
4266,Q99,increas
4267,Q99,usabl
4268,Q99,exist
4269,Q99,system
4270,Q99,cost
4271,Q99,effect
4272,Q99,manner
4273,Q99,especi
4274,Q99,searcher
4275,Q99,furthermor
4276,Q99,advanc
4277,Q99,interfac
4278,Q99,base
4279,Q99,improv
4280,Q99,instruct
4281,Q99,autom
4282,Q99,search
4283,Q99,strategi
4284,Q99,techniqu
4285,Q99,could
4286,Q99,enhanc
4287,Q99,retriev
4288,Q99,effect
4289,Q99,wide
4290,Q99,class
4291,Q99,user
4292,Q100,interfac
4293,Q100,computer
4294,Q100,retriev
4295,Q100,system
4296,Q100,micrograph
4297,Q100,retriev
4298,Q100,system
4299,Q100,paper
4300,Q100,note
4301,Q100,benefit
4302,Q100,accru
4303,Q100,interact
4304,Q100,computer
4305,Q100,retriev
4306,Q100,system
4307,Q100,micrograph
4308,Q100,retriev
4309,Q100,system
4310,Q100,review
4311,Q100,current
4312,Q100,state
4313,Q100,autom
4314,Q100,micrograph
4315,Q100,retriev
4316,Q100,technolog
4317,Q100,conclus
4318,Q100,combin
4319,Q100,advanc
4320,Q100,commun
4321,Q100,technolog
4322,Q100,sophist
4323,Q100,index
4324,Q100,input
4325,Q100,librari
4326,Q100,inform
4327,Q100,scientist
4328,Q100,new
4329,Q100,gener
4330,Q100,autom
4331,Q100,micrograph
4332,Q100,devic
4333,Q100,may
4334,Q100,constitut
4335,Q100,on-lin
4336,Q100,document
4337,Q100,retriev
4338,Q100,system
4339,Q100,futur
4340,Q101,parallel
4341,Q101,comput
4342,Q101,inform
4343,Q101,retriev
4344,Q101,convent
4345,Q101,inform
4346,Q101,retriev
4347,Q101,process
4348,Q101,larg
4349,Q101,base
4350,Q101,data
4351,Q101,movement
4352,Q101,pointer
4353,Q101,manipul
4354,Q101,integ
4355,Q101,arithmet
4356,Q101,refin
4357,Q101,retriev
4358,Q101,algorithm
4359,Q101,may
4360,Q101,addit
4361,Q101,benefit
4362,Q101,substanti
4363,Q101,comput
4364,Q101,power
4365,Q101,present
4366,Q101,studi
4367,Q101,number
4368,Q101,parallel
4369,Q101,process
4370,Q101,method
4371,Q101,describ
4372,Q101,serv
4373,Q101,enhanc
4374,Q101,retriev
4375,Q101,servic
4376,Q101,convent
4377,Q101,retriev
4378,Q101,environ
4379,Q101,parallel
4380,Q101,list
4381,Q101,process
4382,Q101,parallel
4383,Q101,search
4384,Q101,facil
4385,Q101,greatest
4386,Q101,interest
4387,Q101,advanc
4388,Q101,system
4389,Q101,use
4390,Q101,array
4391,Q101,processor
4392,Q101,also
4393,Q101,prove
4394,Q101,benefici
4395,Q101,variou
4396,Q101,inform
4397,Q101,retriev
4398,Q101,process
4399,Q101,examin
4400,Q101,evid
4401,Q101,given
4402,Q101,demonstr
4403,Q101,use
4404,Q101,parallel
4405,Q101,process
4406,Q101,fast
4407,Q101,comput
4408,Q101,facil
4409,Q101,inform
4410,Q101,retriev
4411,Q102,measur
4412,Q102,term
4413,Q102,import
4414,Q102,automat
4415,Q102,index
4416,Q102,frequenc
4417,Q102,characterist
4418,Q102,term
4419,Q102,document
4420,Q102,collect
4421,Q102,use
4422,Q102,indic
4423,Q102,term
4424,Q102,import
4425,Q102,content
4426,Q102,analysi
4427,Q102,index
4428,Q102,purpos
4429,Q102,particular
4430,Q102,rare
4431,Q102,frequent
4432,Q102,term
4433,Q102,normal
4434,Q102,believ
4435,Q102,less
4436,Q102,effect
4437,Q102,medium-frequ
4438,Q102,term
4439,Q102,recent
4440,Q102,automat
4441,Q102,index
4442,Q102,theori
4443,Q102,devis
4444,Q102,use
4445,Q102,term
4446,Q102,frequenc
4447,Q102,characterist
4448,Q102,also
4449,Q102,relev
4450,Q102,properti
4451,Q102,term
4452,Q102,major
4453,Q102,term-weight
4454,Q102,theori
4455,Q102,first
4456,Q102,briefli
4457,Q102,review
4458,Q102,term
4459,Q102,precis
4460,Q102,term
4461,Q102,util
4462,Q102,weight
4463,Q102,base
4464,Q102,occurr
4465,Q102,characterist
4466,Q102,term
4467,Q102,relev
4468,Q102,oppos
4469,Q102,nonrelev
4470,Q102,document
4471,Q102,collect
4472,Q102,introduc
4473,Q102,method
4474,Q102,suggest
4475,Q102,estim
4476,Q102,relev
4477,Q102,properti
4478,Q102,term
4479,Q102,base
4480,Q102,overal
4481,Q102,occurr
4482,Q102,characterist
4483,Q102,collect
4484,Q102,final
4485,Q102,experiment
4486,Q102,evalu
4487,Q102,result
4488,Q102,shown
4489,Q102,compar
4490,Q102,weight
4491,Q102,system
4492,Q102,use
4493,Q102,term
4494,Q102,relev
4495,Q102,properti
4496,Q102,convent
4497,Q102,frequency-bas
4498,Q102,methodolog
4499,Q103,ndx-100
4500,Q103,electron
4501,Q103,file
4502,Q103,machin
4503,Q103,offic
4504,Q103,futur
4505,Q103,paper
4506,Q103,describ
4507,Q103,design
4508,Q103,implement
4509,Q103,electron
4510,Q103,file
4511,Q103,machin
4512,Q103,machin
4513,Q103,capabl
4514,Q103,store
4515,Q103,larg
4516,Q103,number
4517,Q103,unstructur
4518,Q103,document
4519,Q103,way
4520,Q103,particular
4521,Q103,document
4522,Q103,may
4523,Q103,easili
4524,Q103,quickli
4525,Q103,retriev
4526,Q103,function
4527,Q103,distribut
4528,Q103,architectur
4529,Q103,permit
4530,Q103,implement
4531,Q103,system
4532,Q103,mixtur
4533,Q103,hardwar
4534,Q103,softwar
4535,Q104,select
4536,Q104,good
4537,Q104,search
4538,Q104,term
4539,Q104,paper
4540,Q104,tackl
4541,Q104,problem
4542,Q104,one
4543,Q104,might
4544,Q104,select
4545,Q104,search
4546,Q104,term
4547,Q104,use
4548,Q104,relev
4549,Q104,feedback
4550,Q104,given
4551,Q104,search
4552,Q104,term
4553,Q104,queri
4554,Q104,search
4555,Q104,term
4556,Q104,extract
4557,Q104,maximum
4558,Q104,span
4559,Q104,tree
4560,Q104,connect
4561,Q104,term
4562,Q104,index
4563,Q104,term
4564,Q104,vocabulari
4565,Q104,number
4566,Q104,differ
4567,Q104,span
4568,Q104,tree
4569,Q104,gener
4570,Q104,varieti
4571,Q104,associ
4572,Q104,measur
4573,Q104,retriev
4574,Q104,effect
4575,Q104,differ
4576,Q104,span
4577,Q104,tree
4578,Q104,shown
4579,Q104,approxim
4580,Q104,effect
4581,Q104,measur
4582,Q104,term
4583,Q104,precis
4584,Q104,recal
4585,Q104,retriev
4586,Q104,test
4587,Q104,done
4588,Q104,three
4589,Q104,differ
4590,Q104,test
4591,Q104,collect
4592,Q105,index
4593,Q105,consist
4594,Q105,qualiti
4595,Q105,effici
4596,Q105,index
4597,Q105,qualiti
4598,Q105,determin
4599,Q105,whether
4600,Q105,inform
4601,Q105,content
4602,Q105,index
4603,Q105,document
4604,Q105,accur
4605,Q105,repres
4606,Q105,index
4607,Q105,effect
4608,Q105,measur
4609,Q105,whether
4610,Q105,index
4611,Q105,document
4612,Q105,correctli
4613,Q105,retriev
4614,Q105,everi
4615,Q105,time
4616,Q105,relev
4617,Q105,queri
4618,Q105,measur
4619,Q105,criteria
4620,Q105,cumbersom
4621,Q105,costli
4622,Q105,data
4623,Q105,base
4624,Q105,produc
4625,Q105,therefor
4626,Q105,prefer
4627,Q105,inter-index
4628,Q105,consist
4629,Q105,measur
4630,Q105,index
4631,Q105,qualiti
4632,Q105,effect
4633,Q105,present
4634,Q105,articl
4635,Q105,assess
4636,Q105,valid
4637,Q105,substitut
4638,Q105,variou
4639,Q105,environ
4640,Q106,text
4641,Q106,passag
4642,Q106,retriev
4643,Q106,base
4644,Q106,colon
4645,Q106,classif
4646,Q106,retriev
4647,Q106,perform
4648,Q106,set
4649,Q106,experi
4650,Q106,conduct
4651,Q106,determin
4652,Q106,suitabl
4653,Q106,colon
4654,Q106,classif
4655,Q106,foundat
4656,Q106,autom
4657,Q106,analysi
4658,Q106,represent
4659,Q106,retriev
4660,Q106,primari
4661,Q106,inform
4662,Q106,full
4663,Q106,text
4664,Q106,document
4665,Q106,primari
4666,Q106,inform
4667,Q106,inform
4668,Q106,embodi
4669,Q106,text
4670,Q106,document
4671,Q106,oppos
4672,Q106,secondari
4673,Q106,inform
4674,Q106,gener
4675,Q106,form
4676,Q106,abstract
4677,Q106,tabl
4678,Q106,content
4679,Q106,index
4680,Q106,full
4681,Q106,text
4682,Q106,databas
4683,Q106,creat
4684,Q106,two
4685,Q106,subject
4686,Q106,area
4687,Q106,queri
4688,Q106,solicit
4689,Q106,specialist
4690,Q106,area
4691,Q106,autom
4692,Q106,full
4693,Q106,text
4694,Q106,index
4695,Q106,system
4696,Q106,along
4697,Q106,four
4698,Q106,autom
4699,Q106,passag
4700,Q106,retriev
4701,Q106,system
4702,Q106,creat
4703,Q106,test
4704,Q106,variou
4705,Q106,featur
4706,Q106,colon
4707,Q106,classif
4708,Q106,two
4709,Q106,boolean-bas
4710,Q106,system
4711,Q106,one
4712,Q106,simpl
4713,Q106,word
4714,Q106,occurr
4715,Q106,system
4716,Q106,creat
4717,Q106,order
4718,Q106,compar
4719,Q106,retriev
4720,Q106,result
4721,Q106,type
4722,Q106,system
4723,Q106,common
4724,Q106,use
4725,Q106,system
4726,Q106,retriev
4727,Q106,perform
4728,Q106,measur
4729,Q106,use
4730,Q106,recal
4731,Q106,precis
4732,Q106,mean
4733,Q106,expect
4734,Q106,search
4735,Q106,length
4736,Q106,reduct
4737,Q106,factor
4738,Q106,overal
4739,Q106,found
4740,Q106,colon
4741,Q106,classification-bas
4742,Q106,system
4743,Q106,perform
4744,Q106,significantli
4745,Q106,better
4746,Q106,system
4747,Q107,user-respons
4748,Q107,subject
4749,Q107,control
4750,Q107,bibliograph
4751,Q107,retriev
4752,Q107,system
4753,Q107,studi
4754,Q107,carri
4755,Q107,relationship
4756,Q107,vocabulari
4757,Q107,user
4758,Q107,queri
4759,Q107,vocabulari
4760,Q107,document
4761,Q107,relev
4762,Q107,queri
4763,Q107,valu
4764,Q107,ad
4765,Q107,document
4766,Q107,descript
4767,Q107,record
4768,Q107,retriev
4769,Q107,system
4770,Q107,keyword
4771,Q107,previou
4772,Q107,queri
4773,Q107,document
4774,Q107,prove
4775,Q107,use
4776,Q107,two
4777,Q107,test
4778,Q107,databas
4779,Q107,incorpor
4780,Q107,user
4781,Q107,queri
4782,Q107,keyword
4783,Q107,implement
4784,Q107,school
4785,Q107,librari
4786,Q107,inform
4787,Q107,scienc
4788,Q107,univers
4789,Q107,western
4790,Q107,ontario
4791,Q107,cluster
4792,Q107,document
4793,Q107,via
4794,Q107,titl
4795,Q107,user
4796,Q107,keyword
4797,Q107,statist
4798,Q107,analysi
4799,Q107,title-us
4800,Q107,keyword
4801,Q107,co-occurr
4802,Q107,retriev
4803,Q107,test
4804,Q107,use
4805,Q107,examin
4806,Q107,effect
4807,Q107,ad
4808,Q107,keyword
4809,Q107,result
4810,Q107,show
4811,Q107,impract
4812,Q107,procedur
4813,Q107,oper
4814,Q107,set
4815,Q107,indic
4816,Q107,valu
4817,Q107,analys
4818,Q107,sampl
4819,Q107,data
4820,Q107,develop
4821,Q107,mainten
4822,Q107,keyword
4823,Q107,dictionari
4824,Q107,thesauri
4825,Q108,program
4826,Q108,machine-medi
4827,Q108,search
4828,Q108,techniqu
4829,Q108,onlin
4830,Q108,instruct
4831,Q108,assist
4832,Q108,bibliograph
4833,Q108,data
4834,Q108,base
4835,Q108,searcher
4836,Q108,call
4837,Q108,individu
4838,Q108,instruct
4839,Q108,data
4840,Q108,access
4841,Q108,iida
4842,Q108,develop
4843,Q108,drexel
4844,Q108,univers
4845,Q108,iida
4846,Q108,assist
4847,Q108,searcher
4848,Q108,provid
4849,Q108,feedback
4850,Q108,base
4851,Q108,real-tim
4852,Q108,analysi
4853,Q108,search
4854,Q108,perform
4855,Q108,extens
4856,Q108,help
4857,Q108,facil
4858,Q108,draw
4859,Q108,analysi
4860,Q108,avail
4861,Q108,user
4862,Q108,much
4863,Q108,project
4864,Q108,experiment
4865,Q108,work
4866,Q108,describ
4867,Q108,elsewher
4868,Q108,concern
4869,Q108,process
4870,Q108,search
4871,Q108,behavior
4872,Q108,searcher
4873,Q108,paper
4874,Q108,larg
4875,Q108,address
4876,Q108,project
4877,Q108,comput
4878,Q108,system
4879,Q108,develop
4880,Q108,subcontract
4881,Q108,franklin
4882,Q108,institut
4883,Q108,scienc
4884,Q108,inform
4885,Q108,servic
4886,Q109,author
4887,Q109,cocit
4888,Q109,literatur
4889,Q109,measur
4890,Q109,intellectu
4891,Q109,structur
4892,Q109,shown
4893,Q109,map
4894,Q109,particular
4895,Q109,area
4896,Q109,scienc
4897,Q109,case
4898,Q109,inform
4899,Q109,scienc
4900,Q109,done
4901,Q109,use
4902,Q109,author
4903,Q109,unit
4904,Q109,analysi
4905,Q109,cocit
4906,Q109,pair
4907,Q109,author
4908,Q109,variabl
4909,Q109,indic
4910,Q109,distanc
4911,Q109,analysi
4912,Q109,assum
4913,Q109,two
4914,Q109,author
4915,Q109,cite
4916,Q109,togeth
4917,Q109,closer
4918,Q109,relationship
4919,Q109,raw
4920,Q109,data
4921,Q109,cocit
4922,Q109,count
4923,Q109,drawn
4924,Q109,onlin
4925,Q109,social
4926,Q109,scisearch
4927,Q109,social
4928,Q109,scienc
4929,Q109,citat
4930,Q109,index
4931,Q109,period
4932,Q109,1972-1979
4933,Q109,gthe
4934,Q109,result
4935,Q109,map
4936,Q109,show
4937,Q109,identifi
4938,Q109,author
4939,Q109,group
4940,Q109,akin
4941,Q109,school
4942,Q109,inform
4943,Q109,scienc
4944,Q109,locat
4945,Q109,group
4946,Q109,respect
4947,Q109,degre
4948,Q109,central
4949,Q109,peripher
4950,Q109,author
4951,Q109,within
4952,Q109,group
4953,Q109,proxim
4954,Q109,author
4955,Q109,within
4956,Q109,group
4957,Q109,across
4958,Q109,group
4959,Q109,boundari
4960,Q109,border
4961,Q109,author
4962,Q109,seem
4963,Q109,connect
4964,Q109,variou
4965,Q109,area
4966,Q109,research
4967,Q109,posit
4968,Q109,author
4969,Q109,respect
4970,Q109,map
4971,Q109,axe
4972,Q109,arbitrarili
4973,Q109,set
4974,Q109,span
4975,Q109,diverg
4976,Q109,group
4977,Q109,order
4978,Q109,aid
4979,Q109,interpret
4980,Q109,cocit
4981,Q109,analysi
4982,Q109,author
4983,Q109,offer
4984,Q109,new
4985,Q109,techniqu
4986,Q109,might
4987,Q109,contribut
4988,Q109,understand
4989,Q109,intellectu
4990,Q109,structur
4991,Q109,scienc
4992,Q109,possibl
4993,Q109,area
4994,Q109,extent
4995,Q109,area
4996,Q109,reli
4997,Q109,serial
4998,Q109,public
4999,Q109,techniqu
5000,Q109,establish
5001,Q109,author
5002,Q109,well
5003,Q109,document
5004,Q109,effect
5005,Q109,unit
5006,Q109,analyz
5007,Q109,subject
5008,Q109,specialti
5009,Q110,progress
5010,Q110,document
5011,Q110,word
5012,Q110,process
5013,Q110,introduct
5014,Q110,apprais
5015,Q110,offic
5016,Q110,futur
5017,Q110,offic
5018,Q110,technolog
5019,Q110,word
5020,Q110,process
5021,Q110,electron
5022,Q110,mail
5023,Q110,electron
5024,Q110,commun
5025,Q110,converg
5026,Q110,inform
5027,Q110,manag
5028,Q110,term
5029,Q110,includ
5030,Q110,current
5031,Q110,list
5032,Q110,buzz
5033,Q110,word
5034,Q110,use
5035,Q110,describ
5036,Q110,current
5037,Q110,activ
5038,Q110,offic
5039,Q110,technolog
5040,Q110,area
5041,Q110,high
5042,Q110,level
5043,Q110,invest
5044,Q110,factori
5045,Q110,plant
5046,Q110,ever-increas
5047,Q110,fight
5048,Q110,improv
5049,Q110,product
5050,Q110,autom
5051,Q110,dull
5052,Q110,routin
5053,Q110,job
5054,Q110,usual
5055,Q110,quot
5056,Q110,compar
5057,Q110,extrem
5058,Q110,low
5059,Q110,invest
5060,Q110,improv
5061,Q110,autom
5062,Q110,equal
5063,Q110,tediou
5064,Q110,routin
5065,Q110,job
5066,Q110,offic
5067,Q110,environ
5068,Q110,invest
5069,Q110,factori
5070,Q110,quot
5071,Q110,ten
5072,Q110,time
5073,Q110,greater
5074,Q110,per
5075,Q110,employe
5076,Q110,offic
5077,Q110,howev
5078,Q110,chang
5079,Q110,rapidli
5080,Q110,invest
5081,Q110,larg
5082,Q110,scale
5083,Q110,alreadi
5084,Q110,take
5085,Q110,place
5086,Q110,manhi
5087,Q110,area
5088,Q110,present-day
5089,Q110,inflat
5090,Q110,bite
5091,Q110,hard
5092,Q110,forc
5093,Q110,mani
5094,Q110,compani
5095,Q110,organ
5096,Q110,take
5097,Q110,much
5098,Q110,closer
5099,Q110,look
5100,Q110,offic
5101,Q110,oper
5102,Q111,document
5103,Q111,cluster
5104,Q111,use
5105,Q111,invert
5106,Q111,file
5107,Q111,approach
5108,Q111,autom
5109,Q111,document
5110,Q111,cluster
5111,Q111,procedur
5112,Q111,describ
5113,Q111,requir
5114,Q111,use
5115,Q111,inter-docu
5116,Q111,similar
5117,Q111,matrix
5118,Q111,independ
5119,Q111,order
5120,Q111,document
5121,Q111,process
5122,Q111,procedur
5123,Q111,make
5124,Q111,use
5125,Q111,initi
5126,Q111,set
5127,Q111,cluster
5128,Q111,deriv
5129,Q111,certain
5130,Q111,term
5131,Q111,index
5132,Q111,vocabulari
5133,Q111,use
5134,Q111,characteris
5135,Q111,document
5136,Q111,file
5137,Q111,retriev
5138,Q111,effect
5139,Q111,obtain
5140,Q111,use
5141,Q111,cluster
5142,Q111,file
5143,Q111,compar
5144,Q111,obtain
5145,Q111,serial
5146,Q111,search
5147,Q111,use
5148,Q111,single-linkag
5149,Q111,cluster
5150,Q111,method
5151,Q112,fast
5152,Q112,procedur
5153,Q112,calcul
5154,Q112,similar
5155,Q112,coeffici
5156,Q112,automat
5157,Q112,classif
5158,Q112,fast
5159,Q112,algorithm
5160,Q112,describ
5161,Q112,compar
5162,Q112,list
5163,Q112,term
5164,Q112,repres
5165,Q112,document
5166,Q112,automat
5167,Q112,classif
5168,Q112,experi
5169,Q112,speed
5170,Q112,procedur
5171,Q112,aris
5172,Q112,fact
5173,Q112,non-zero-valu
5174,Q112,coefficic
5175,Q112,given
5176,Q112,document
5177,Q112,identifi
5178,Q112,togeth
5179,Q112,use
5180,Q112,invert
5181,Q112,file
5182,Q112,term
5183,Q112,document
5184,Q112,collect
5185,Q112,complex
5186,Q112,run
5187,Q112,time
5188,Q112,algorithm
5189,Q112,compar
5190,Q112,previous
5191,Q112,describ
5192,Q112,procedur
